order,family,genus,species,tax_resolution,a,b,n,minimum_size,maximum_size,continent,region_detail,source publication,relation,original_a,orginal_a_SE,orginal_ln_a,orginal_ln_a_SE,orginal_b,orginal_b_SE,notes
Plecoptera,Leuctridae,Leuctra,,genus,0.000531398,4.03,6,6.46,9.17,Europe,Lake Constance,Baumgartner & Rothaupt 2003,linear model natural log,,,-7.54,1.74,4.03,0.84,
Trichoptera,Leptoceridae,Ceraclea,,genus,0.001281146,4.636,6,2.23,4.56,Europe,Lake Constance,Baumgartner & Rothaupt 2003,linear model natural log,,,-6.66,0.66,4.636,0.55,
Trichoptera,Psychomyiidae,Tinodes,Tinodes waeneri,species,0.002739445,2.54,46,2.24,14.62,Europe,Lake Constance,Baumgartner & Rothaupt 2003,linear model natural log,,,-5.9,0.18,2.54,0.09,
Diptera,Orthocladiinae,,,family,0.003447865,2.36,32,3.21,9.86,Europe,Lake Constance,Baumgartner & Rothaupt 2003,linear model natural log,,,-5.67,0.62,2.36,0.38,
Diptera,Chironominae,,,family,0.004700906,1.82,41,2.01,14.03,Europe,Lake Constance,Baumgartner & Rothaupt 2003,linear model natural log,,,-5.36,0.49,1.82,0.29,
Trichoptera,Leptoceridae,Athripsodes,Athripsodes atterimus,species,0.00484407,2.32,55,3.21,13.9,Europe,Lake Constance,Baumgartner & Rothaupt 2003,linear model natural log,,,-5.33,0.52,2.32,0.27,
Ephemeroptera,Leptophlebiidae,Leptophlebia,Leptophlebia vespertina,species,0.005092431,2.75,99,1.15,6.3,Europe,Lake Constance,Baumgartner & Rothaupt 2003,linear model natural log,,,-5.28,0.21,2.75,0.16,
Trichoptera,Hydroptilidae,Hydroptila,,genus,0.006036083,2.46,10,2.9,4.28,Europe,Lake Constance,Baumgartner & Rothaupt 2003,linear model natural log,,,-5.11,0.41,2.46,0.33,
Ephemeroptera,Baetidae,Baetis,,genus,0.007083409,2.15,18,1.86,7.69,Europe,Lake Constance,Baumgartner & Rothaupt 2003,linear model natural log,,,-4.95,0.58,2.15,0.4,
Ephemeroptera,Heptageniidae,Ecdyonurus,Ecdyonurus dispar,species,0.010254896,2.73,3.33,13.84,,Europe,Lake Constance,Baumgartner & Rothaupt 2003,linear model natural log,,,-4.58,0.34,2.73,0.15,
Trichoptera,Polycentropodidae,Polycentropus,Polycentropus flavomaculatus,species,0.012155178,2.57,15,1.8,4.17,Europe,Lake Constance,Baumgartner & Rothaupt 2003,linear model natural log,,,-4.41,1.08,2.57,0.94,
Trichoptera,Leptoceridae,Ceraclea,,genus,0.014122302,2.35,9,4.46,10.6,Europe,Lake Constance,Baumgartner & Rothaupt 2003,linear model natural log,,,-4.26,1.07,2.35,0.55,
Diptera,Ceratopogonidae,,,family,0.016082879,1.12,4,4.2,8.6,Europe,Lake Constance,Baumgartner & Rothaupt 2003,linear model natural log,,,-4.13,0.05,1.12,0.03,
Ephemeroptera,Baetidae,Centroptilum,Centroptilum luteolum,species,0.017952965,2.93,18,2.27,4.9,Europe,Lake Constance,Baumgartner & Rothaupt 2003,linear model natural log,,,-4.02,0.2,2.93,0.17,
Diptera,Simuliidae,Simulium,Simulium tuberosum,species,0.00025,3.342,70,,,North America,,Benke 1999,power model,0.00025,0.00013,,,3.342,0.093,
Diptera,Simuliidae,Stegopterna,Stegopterna mutata,species,0.00042,3.83,169,,,North America,,Benke 1999,power model,0.00042,0.00011,,,3.83,0.14,
Trichoptera,Hydropsychidae,Hydropsyche,Hydropsyche incommoda,species,0.00053,4.179,43,2.6,9,North America,,Benke 1999,power model,0.00053,0.00003,,,4.179,0.179,
Diptera,Simuliidae,Simulium,Simulium venustum,species,0.00055,3.036,38,,,North America,,Benke 1999,power model,0.00055,0.00012,,,3.036,0.081,
Diptera,Chironomidae,Dicrotendipes,,genus,0.00059,3.142,17,2.6,6.7,North America,,Benke 1999,power model,0.00059,0.00005,,,3.142,0.312,
Diptera,Chironomidae,Chironomus,,genus,0.00068,2.62,26,2,13.7,North America,,Benke 1999,power model,0.00068,0.00004,,,2.62,0.112,
Diptera,Chironomidae,Procladius,,genus,0.00077,2.693,32,1,9.8,North America,,Benke 1999,power model,0.00077,0.00006,,,2.693,0.154,
Ephemeroptera,Baetidae,Callibaetis,,genus,0.00081,3.547,21,4.3,8.2,North America,,Benke 1999,power model,0.00081,0.00006,,,3.547,0.402,
Diptera,Chironomidae,Chironomus,Chironomus decorus,species,0.00083,2.86,105,,,North America,,Benke 1999,power model,0.00083,,,,2.86,,
Diptera,Chironomidae,Ablabesmyia,,genus,0.001,2.884,20,0.8,7.5,North America,,Benke 1999,power model,0.001,0.0009,,,2.884,0.166,
Diptera,Chironomidae,Polypedilum,,genus,0.001,2.761,18,1.3,5.7,North America,,Benke 1999,power model,0.001,0.0005,,,2.761,0.11,
Diptera,Chironomidae,Cladopelma,,genus,0.001,2.606,15,1,4.6,North America,,Benke 1999,power model,0.001,0.00008,,,2.606,0.189,
Ephemeroptera,Ephemerellidae,Ephemerella,,genus,0.0011,2.554,130,2.1,8.8,North America,,Benke 1999,power model,0.0011,,,,2.554,,More details in reference
Diptera,Simuliidae,Simulium,Simulium decorum,species,0.00119,2.692,15,,,North America,,Benke 1999,power model,0.00119,0.00059,,,2.692,0.303,
Diptera,Simuliidae,Prosimulium,Prosimulium mixtum,species,0.0012,3.19,612,,,North America,,Benke 1999,power model,0.0012,0.0002,,,3.19,0.08,
Diptera,Chironomidae,Procladius,Procladius bellus,species,0.0012,2.597,123,,,North America,,Benke 1999,power model,0.0012,,,,2.597,,
Diptera,Chironomidae,Tanytarsus,,genus,0.0012,2.294,14,1.6,5.8,North America,,Benke 1999,power model,0.0012,0.00013,,,2.294,0.317,
Odonata,Coenagrionidae,Ischnura,,genus,0.0015,2.904,13,2.9,13.3,North America,,Benke 1999,power model,0.0015,0.0001,,,2.904,0.18,
Plecoptera,Perlidae,Acroneuria,,genus,0.0019,3.232,52,3.4,17,North America,,Benke 1999,power model,0.0019,0.0001,,,3.232,0.16,
Ephemeroptera,Polymitarcyidae,Ephoron,Ephoron album,species,0.002,3.05,,5,14,North America,,Benke 1999,power model,0.002,,,,3.05,,
Ephemeroptera,Baetidae,Pseudocloeon,,genus,0.0023,3.264,22,1.6,5.4,North America,,Benke 1999,power model,0.0023,0.0008,,,3.264,0.532,
Megaloptera,Corydalidae,Corydalus,Corydalus cornutus,species,0.0023,2.984,144,2.4,77.1,North America,,Benke 1999,power model,0.0023,,,,2.984,,
Trichoptera,Polycentropodidae,Neureclipsis,,genus,0.0023,2.879,23,6,11.5,North America,,Benke 1999,power model,0.0023,0.0002,,,2.879,0.499,
Coleoptera,Elmidae,Promoresia,,genus,0.0025,3.521,19,1.2,3.9,North America,,Benke 1999,power model,0.0025,0.0007,,,3.521,0.278,
Trichoptera,Brachycentridae,Brachycentrus,Brachycentrus etowahensis,species,0.0025,3.443,224,2,13,North America,,Benke 1999,power model,0.0025,0.0008,,,3.443,0.037,
Plecoptera,Leuctridae,Leuctra,,genus,0.0025,2.744,34,2.2,7.2,North America,,Benke 1999,power model,0.0025,0.0003,,,2.744,0.1,
Ephemeroptera,Ephemeridae,Hexagenia,Hexagenia limbata,species,0.0025,2.714,32,,,North America,,Benke 1999,power model,0.0025,,,,2.714,,More details in reference
Trichoptera,Brachycentridae,Brachycentrus,,genus,0.0025,2.6,26,2.2,10.4,North America,,Benke 1999,power model,0.0025,0.0005,,,2.6,0.421,
Ephemeroptera,Leptophlebiidae,Habrophlebia,Habrophlebia vibrans,species,0.0028,2.488,,,,North America,,Benke 1999,power model,0.0028,,,,2.488,,
Ephemeroptera,Tricorythidae,Tricorythodes,,genus,0.0029,3.165,19,1.7,7.1,North America,,Benke 1999,power model,0.0029,0.004,,,3.165,0.253,
Plecoptera,Perlidae,Eccoptura,Eccoptura xanthenes,species,0.003,3.232,18,5.8,20,North America,,Benke 1999,power model,0.003,0.0003,,,3.232,0.185,
Plecoptera,Perlidae,Perlesta,Perlesta placida,species,0.003,3.02,83,3.7,10.2,North America,,Benke 1999,power model,0.003,0.0001,,,3.02,0.143,
Ephemeroptera,Isonychiidae,Isonychia,,genus,0.0031,3.043,230,2.2,13.2,North America,,Benke 1999,power model,0.0031,,,,3.043,,
Hemiptera,Corixidae,Sigara,,genus,0.0031,2.904,14,3.4,6.8,North America,,Benke 1999,power model,0.0031,0.0002,,,2.904,0.157,
Megaloptera,Sialidae,Sialis,,genus,0.0031,2.801,25,5.1,21.3,North America,,Benke 1999,power model,0.0031,0.0002,,,2.801,0.202,
Trichoptera,Hydropsychidae,Macrostemum,Macrostemum carolina,genus,0.0033,3.042,87,1.8,15,North America,,Benke 1999,power model,0.0033,,,,3.042,,More details in reference
Trichoptera,Leptoceridae,Oecetis,,genus,0.0034,3.212,23,1.2,8,North America,,Benke 1999,power model,0.0034,0.0006,,,3.212,0.251,
Plecoptera,Perlidae,Perlinella,Perlinella drymo,species,0.0034,3.123,18,3.3,16.9,North America,,Benke 1999,power model,0.0034,0.0003,,,3.123,0.203,
Coleoptera,Elmidae,Ancyronyx,Ancyronyx variegata,species,0.0034,3.091,37,1.5,4,North America,,Benke 1999,power model,0.0034,0.0003,,,3.091,0.286,
Diptera,Tabanidae,Tipula,Tipula abdominalis,species,0.0035,2.637,63,4,38.1,North America,,Benke 1999,power model,0.0035,,,,2.637,,More details in reference
Diptera,Simuliidae,Simulium,,genus,0.0036,2.724,33,,,North America,,Benke 1999,power model,0.0036,,,,2.724,,
Diptera,Ceratopogonidae,Palpomyia,,genus,0.0036,2.268,,,,North America,,Benke 1999,power model,0.0036,,,,2.268,,
Plecoptera,Perlidae,Perlesta,,genus,0.0037,3.08,15,2.5,11.5,North America,,Benke 1999,power model,0.0037,0.0003,,,3.08,0.15,
Trichoptera,Psychomyiidae,Lype,Lype diversa,species,0.0039,2.873,28,3.3,14.1,North America,,Benke 1999,power model,0.0039,0.0008,,,2.873,0.21,
Odonata,Libellulidae,Plathemis,Plathemis lydia,species,0.004,3.068,22,7,18.9,North America,,Benke 1999,power model,0.004,0.0003,,,3.068,0.285,
Plecoptera,Nemouridae,Amphinemura,,genus,0.004,2.975,62,1,6.9,North America,,Benke 1999,power model,0.004,0.0005,,,2.975,0.178,
Ephemeroptera,Baetidae,Baetis,Baetis pygmaeus,species,0.004,2.378,,,,North America,,Benke 1999,power model,0.004,,,,2.378,,
Trichoptera,Hydropsychidae,Hydropsyche,Hydropsyche occidentalis,species,0.0041,2.97,50,,,North America,,Benke 1999,power model,0.0041,,,,2.97,,
Trichoptera,Limnephilidae,Ironoquia,Ironoquia parvula,species,0.0041,2.933,18,2.5,17.3,North America,,Benke 1999,power model,0.0041,0.0004,,,2.933,0.199,
Plecoptera,Taeniopterygidae,Strophopteryx,,genus,0.0043,2.79,26,1.5,7.8,North America,,Benke 1999,power model,0.0043,0.0004,,,2.79,0.322,
Megaloptera,Sialidae,Sialis,Sialis aequalis,species,0.0043,2.704,36,3.4,20.2,North America,,Benke 1999,power model,0.0043,0.0005,,,2.704,0.344,
Plecoptera,Perlodidae,Clioperla,Clioperla clio,species,0.0046,2.847,76,2.4,14.3,North America,,Benke 1999,power model,0.0046,,,,2.847,,More details in reference
Trichoptera,Hydropsychidae,Cheumatopsyche,,genus,0.0047,2.671,105,1.1,12,North America,,Benke 1999,power model,0.0047,,,,2.671,,More details in reference
Trichoptera,Limnephilidae,Pycnopsyche,Pycnopsyche scabripennis,species,0.0049,2.85,27,3.1,23.8,North America,,Benke 1999,power model,0.0049,0.0003,,,2.85,0.282,
Odonata,Calopterygidae,Calopteryx,,genus,0.005,2.742,25,2,16.1,North America,,Benke 1999,power model,0.005,0.0008,,,2.742,0.222,
Diptera,Tabanidae,Chrysops,,genus,0.005,2.591,20,1.9,16.4,North America,,Benke 1999,power model,0.005,0.0006,,,2.591,0.105,
Trichoptera,Philopotamidae,Chimarra,,genus,0.005,2.441,63,1.6,10.2,North America,,Benke 1999,power model,0.005,,,,2.441,,
Ephemeroptera,Ephemerellidae,Eurylophella,Eurylophella verisimilis,species,0.0051,2.442,,,,North America,,Benke 1999,power model,0.0051,,,,2.442,,
Odonata,Gomphidae,Gomphus,,genus,0.0052,2.959,33,3,37.1,North America,,Benke 1999,power model,0.0052,,,,2.959,,
Trichoptera,Limnephilidae,Pycnopsyche,Pycnopsyche luculenta,species,0.0052,2.832,47,2.8,17.9,North America,,Benke 1999,power model,0.0052,0.0003,,,2.832,0.111,
Ephemeroptera,Caenidae,Caenis,,genus,0.0052,2.792,67,1.4,6.4,North America,,Benke 1999,power model,0.0052,,,,2.792,,
Ephemeroptera,Baetidae,Heterocloeon,,genus,0.0052,2.721,36,1.9,7.5,North America,,Benke 1999,power model,0.0052,0.0009,,,2.721,0.521,
Plecoptera,Capniidae,Allocapnia,,genus,0.0052,2.6,54,1.3,7,North America,,Benke 1999,power model,0.0052,,,,2.6,,More details in reference
Ephemeroptera,Heptageniidae,Heptagenia,,genus,0.0053,2.529,101,1.3,9.8,North America,,Benke 1999,power model,0.0053,,,,2.529,,
Ephemeroptera,Leptophlebiidae,Leptophlebia,,genus,0.0054,2.836,25,1.2,8.4,North America,,Benke 1999,power model,0.0054,0.0009,,,2.836,0.222,
Trichoptera,Phryganeidae,Ptilostomis,,genus,0.0054,2.811,20,3.8,28.2,North America,,Benke 1999,power model,0.0054,0.0007,,,2.811,0.426,
Plecoptera,Nemouridae,Prostoia,Prostoia completa,species,0.0055,2.633,38,0.9,6.2,North America,,Benke 1999,power model,0.0055,0.0003,,,2.633,0.126,
Ephemeroptera,Heptageniidae,Epeorus,,genus,0.0056,2.926,18,1.3,11.6,North America,,Benke 1999,power model,0.0056,0.002,,,2.926,0.355,
Trichoptera,Hydropsychidae,Hydropsyche,,genus,0.0056,2.766,158,1.3,15.1,North America,,Benke 1999,power model,0.0056,,,,2.766,,More details in reference
Odonata,Gomphidae,Progomphus,Progomphus obscurus,species,0.0057,2.831,28,3.9,23,North America,,Benke 1999,power model,0.0057,0.0012,,,2.831,0.322,
Odonata,Libellulidae,Celithemis,Celithemis fasciata,species,0.0058,2.877,44,2.1,16.3,North America,,Benke 1999,power model,0.0058,0.0003,,,2.877,0.098,
Ephemeroptera,Caenidae,Caenis,Caenis diminuta,species,0.0058,2.712,25,1.6,4.4,North America,,Benke 1999,power model,0.0058,0.0002,,,2.712,0.14,
Megaloptera,Corydalidae,Nigronia,Nigronia serricornis,species,0.0058,2.706,60,9.4,43.5,North America,,Benke 1999,power model,0.0058,,,,2.706,,
Trichoptera,Hydropsychidae,Hydropsyche,Hydropsyche elissoma,species,0.0058,2.491,26,2.4,10,North America,,Benke 1999,power model,0.0058,0.0003,,,2.491,0.143,
Odonata,Libellulidae,Erythemis,Erythemis simpliciollis,species,0.0061,3.089,9,4.2,12.5,North America,,Benke 1999,power model,0.0061,0.0009,,,3.089,0.411,
Plecoptera,Perlidae,Acroneuria,Acroneuria abnormis,species,0.0061,3,22,4.2,26.1,North America,,Benke 1999,power model,0.0061,0.0005,,,3,0.42,
Ephemeroptera,Leptophlebiidae,Paraleptophlebia,,genus,0.0061,2.624,55,1,7.8,North America,,Benke 1999,power model,0.0061,0.0005,,,2.624,0.189,
Ephemeroptera,Ephemeridae,Hexagenia,Hexagenia munda,species,0.0062,2.891,21,3.3,24.6,North America,,Benke 1999,power model,0.0062,0.0003,,,2.891,0.113,
Plecoptera,Pteronarcyidae,Pteronarcys ,Pteronarcys dorsata,species,0.0064,2.845,36,8.6,34.9,North America,,Benke 1999,power model,0.0064,0.0005,,,2.845,0.165,
Diptera,Tabanidae,Tipula,,genus,0.0064,2.443,9,4.3,28.3,North America,,Benke 1999,power model,0.0064,0.0034,,,2.443,0.199,
Ephemeroptera,Heptageniidae,Stenacron,Stenacron interpunctatum,species,0.0067,2.807,45,1,10.9,North America,,Benke 1999,power model,0.0067,0.0008,,,2.807,0.087,
Odonata,Cordulegastridae,Cordulegaster,Cordulegaster maculata,genus,0.0067,2.782,18,3.2,38.1,North America,,Benke 1999,power model,0.0067,0.0012,,,2.782,0.242,
Plecoptera,Taeniopterygidae,Taeniopteryx,,genus,0.0067,2.711,44,1.8,8.5,North America,,Benke 1999,power model,0.0067,0.0005,,,2.711,0.331,
Ephemeroptera,Baetidae,Baetis,,genus,0.0068,2.82,231,1.5,8.5,North America,,Benke 1999,power model,0.0068,,,,2.82,,More details in reference
Trichoptera,Polycentropodidae,Polycentropus,,genus,0.0071,2.531,25,3.1,14.2,North America,,Benke 1999,power model,0.0071,0.0015,,,2.531,0.647,
Odonata,Libellulidae,Ladona,Ladona deplanata,species,0.0072,2.618,37,6.5,6.5,North America,,Benke 1999,power model,0.0072,0.0003,,,2.618,0.117,
Trichoptera,Sericostomatidae,Agarodes,Agarodes libalis,species,0.0074,2.741,41,3,15,North America,,Benke 1999,power model,0.0074,0.0009,,,2.741,0.384,
Odonata,Corduliidae,Epitheca,Epitheca semiaquae,species,0.0074,2.72,17,4.2,29.3,North America,,Benke 1999,power model,0.0074,0.0007,,,2.72,0.359,
Ephemeroptera,Heptageniidae,Stenonema,Stenonema modestum,species,0.0075,2.775,180,0.8,12.1,North America,,Benke 1999,power model,0.0075,,,,2.775,,
Plecoptera,Perlodidae,Isoperla,Isoperla bilineata,species,0.0076,2.601,33,1.7,13.4,North America,,Benke 1999,power model,0.0076,0.0006,,,2.601,0.366,
Ephemeroptera,Ameletidae,Ameletus,,genus,0.0077,2.588,14,2.6,9.6,North America,,Benke 1999,power model,0.0077,0.0019,,,2.588,0.2,
Trichoptera,Lepidostomatidae,Lepidostoma,,genus,0.0079,2.649,33,1,9.1,North America,,Benke 1999,power model,0.0079,0.0009,,,2.649,0.135,
Plecoptera,Taeniopterygidae,Taeniopteryx,Taeniopteryx lita,species,0.0079,2.55,16,1.6,4.2,North America,,Benke 1999,power model,0.0079,0.0005,,,2.55,0.238,
Plecoptera,Perlodidae,Isogenus,,genus,0.008,2.706,32,2.2,15.1,North America,,Benke 1999,power model,0.008,0.0004,,,2.706,0.143,
Ephemeroptera,Ephemerellidae,Eurylophella,Eurylophella temporalis,species,0.008,2.663,74,1.7,61,North America,,Benke 1999,power model,0.008,0.0011,,,2.663,0.21,
Odonata,Aeshnidae,Boyeria,Boyeria vinosa,species,0.0082,2.813,11,3.3,35.4,North America,,Benke 1999,power model,0.0082,0.0021,,,2.813,0.087,
Trichoptera,Odontoceridae,Psilotreta,,genus,0.0082,2.735,18,1.5,13,North America,,Benke 1999,power model,0.0082,0.001,,,2.735,0.2,
Hemiptera,Veliidae,Rhagovelia,Rhagovelia obesa,species,0.0083,2.777,21,2.8,4.8,North America,,Benke 1999,power model,0.0083,0.0006,,,2.777,0.133,
Odonata,Coenagrionidae,Argia,,genus,0.0086,2.666,23,4.1,15.2,North America,,Benke 1999,power model,0.0086,0.0018,,,2.666,0.13,
Ephemeroptera,Ephemerellidae,Serratella,,genus,0.0088,2.584,24,2.3,8,North America,,Benke 1999,power model,0.0088,0.0015,,,2.584,0.47,
Odonata,Corduliidae,Epitheca,Epitheca cynosura,species,0.009,2.757,48,2.5,19.7,North America,,Benke 1999,power model,0.009,0.0004,,,2.757,0.103,
Ephemeroptera,Tricorythidae,Tricorythodes,Tricorythodes minutus,species,0.0092,3.222,200,,,North America,,Benke 1999,power model,0.0092,,,,3.222,,
Plecoptera,Perlidae,Paragnetina,Paragnetina kansensis,species,0.0093,2.797,63,4,22,North America,,Benke 1999,power model,0.0093,0.0006,,,2.797,0.167,
Plecoptera,Perlidae,Beloneuria,Beloneuria georgiana,species,0.0094,2.766,31,3.3,19.5,North America,,Benke 1999,power model,0.0094,0.0011,,,2.766,0.262,
Trichoptera,Rhyacophilidae,Rhyacophila,,genus,0.0099,2.48,32,3.3,16.6,North America,,Benke 1999,power model,0.0099,0.0012,,,2.48,0.385,
Coleoptera,Elmidae,Stenelmis,,genus,0.0111,2.49,46,1.8,3.5,North America,,Benke 1999,power model,0.0111,0.0115,,,2.49,0.154,
Plecoptera,Perlidae,Acroneuria,Acroneuria lycorias,species,0.0115,2.85,,,,North America,,Benke 1999,power model,0.0115,,,,2.85,,
Ephemeroptera,Baetiscidae,Baetisca,,genus,0.0116,2.905,51,1.9,9.8,North America,,Benke 1999,power model,0.0116,0.001,,,2.905,0.22,
Coleoptera,Elmidae,Macronychus,Macronychus glabratus,species,0.0117,2.607,92,1.4,3.9,North America,,Benke 1999,power model,0.0117,,,,2.607,,More details in reference
Odonata,Corduliidae,Neurocordulia,Neurocordulia molesta,species,0.0124,2.884,54,3,19,North America,,Benke 1999,power model,0.0124,0.0006,,,2.884,0.142,
Ephemeroptera,Heptageniidae,Stenonema,,genus,0.0128,2.616,59,2,12.7,North America,,Benke 1999,power model,0.0128,0.0008,,,2.616,0.151,
Ephemeroptera,Ephemerellidae,Drunella,,genus,0.0138,2.856,284,2.4,9.8,North America,,Benke 1999,power model,0.0138,,,,2.856,,More details in reference
Plecoptera,Peltoperlidae,Tallaperla,Tallaperla maria,species,0.0141,2.62,289,,,North America,,Benke 1999,power model,0.0141,,,,2.62,,
Plecoptera,Perlidae,Agnetina,Agnetina capitata,species,0.0144,2.688,21,,,North America,,Benke 1999,power model,0.0144,0.0015,,,2.688,0.322,
Hemiptera,Gerridae,Gerris,Gerris remigis,species,0.015,2.596,15,9,17.5,North America,,Benke 1999,power model,0.015,0.0011,,,2.596,0.15,
Odonata,Libellulidae,Libellula,,genus,0.0151,2.393,19,6.3,16.5,North America,,Benke 1999,power model,0.0151,0.0013,,,2.393,0.262,
Hemiptera,Veliidae,Metrobates,Metrobates hersperius,species,0.0169,2.66,25,3.2,5.5,North America,,Benke 1999,power model,0.0169,0.0007,,,2.66,0.113,
Odonata,Gomphidae,Dromogomphus,,genus,0.018,2.239,12,8.5,19,North America,,Benke 1999,power model,0.018,0.0016,,,2.239,0.317,
Coleoptera,Haliplidae,Peltodytes,Peltodytes sexmaculatus,species,0.0271,2.744,17,4.4,6,North America,,Benke 1999,power model,0.0271,0.002,,,2.744,0.151,
Coleoptera,Chrysomelidae,Galerucella,Galerucella nymphaeae,species,0.0392,3.111,18,0.9,4.1,North America,,Benke 1999,power model,0.0392,0.0132,,,3.111,0.152,
Plecoptera,Perlidae,Neoperla,Neoperla clymene,species,0.0429,1.95,17,3.8,14,North America,,Benke 1999,power model,0.0429,0.0051,,,1.95,0.356,
Coleoptera,Gyrinidae,Dineutes,,genus,0.0531,2.586,41,11,17.2,North America,,Benke 1999,power model,0.0531,0.0031,,,2.586,0.21,
Coleoptera,Dytiscidae,Hydroporus,,genus,0.0618,2.502,42,3.1,6.5,North America,,Benke 1999,power model,0.0618,0.0044,,,2.502,0.177,
Plecoptera,Perlodidae,Kogotus ,Kogotus nonus,species,0.09,2.84,150,,,North America,,Benke 1999,power model,0.09,,,,2.84,,
Ephemeroptera,Leptophlebiidae,,,family,0.00018046,4.2,7,5.4,9.5,Europe,Switserland,Burgherr & Meyer 1997,linear model natural log,,,-8.62,1.051,4.2,0.51,
Ephemeroptera,Baetidae,Epeorus,Epeorus sylvicola,species,0.000769323,3.68,5,8.2,15,Europe,Switserland,Burgherr & Meyer 1997,linear model natural log,,,-7.17,0.45,3.68,0.6,
Ephemeroptera,Heptageniidae,Rhithrogena ,,genus,0.001048914,3.65,39,2.1,12.9,Europe,Switserland,Burgherr & Meyer 1997,linear model natural log,,,-6.86,0.3,3.65,0.15,
Plecoptera,Leuctridae,Leuctra,,genus,0.002198456,2.66,31,2.7,8,Europe,Switserland,Burgherr & Meyer 1997,linear model natural log,,,-6.12,0.33,2.66,0.19,
Plecoptera,Nemouridae,Amphinemura,,genus,0.002739445,3.32,12,3.1,6.2,Europe,Switserland,Burgherr & Meyer 1997,linear model natural log,,,-5.9,0.47,3.32,0.3,
Plecoptera,Chloroperlidae,Chloroperla,,genus,0.003027555,2.57,33,4.4,12.2,Europe,Switserland,Burgherr & Meyer 1997,linear model natural log,,,-5.8,0.5,2.57,0.24,
Plecoptera,Perlidae,Perla,Perla grandis,species,0.003517517,2.92,27,4,34.1,Europe,Switserland,Burgherr & Meyer 1997,linear model natural log,,,-5.65,0.18,2.92,0.067,
Ephemeroptera,Heptageniidae,Ecdyonurus,,genus,0.003887457,3.1,29,6.1,16,Europe,Switserland,Burgherr & Meyer 1997,linear model natural log,,,-5.55,0.46,3.1,0.2,
Ephemeroptera,Baetidae,Baetis,,genus,0.003887457,2.67,42,1.2,9.5,Europe,Switserland,Burgherr & Meyer 1997,linear model natural log,,,-5.55,0.25,2.67,0.13,
Plecoptera,Perlodidae,Isoperla,,genus,0.004253556,2.8,25,4,13.4,Europe,Switserland,Burgherr & Meyer 1997,linear model natural log,,,-5.46,0.67,2.8,0.29,
Plecoptera,Nemouridae,Protonemura,,genus,0.006219909,2.51,34,1.8,6.7,Europe,Switserland,Burgherr & Meyer 1997,linear model natural log,,,-5.08,0.41,2.51,0.31,
Plecoptera,Nemouridae,Nemoura,,genus,0.013036528,1.62,13,1.3,5.3,Europe,Switserland,Burgherr & Meyer 1997,linear model natural log,,,-4.34,0.45,1.62,0.39,
Coleoptera,Hydraenidae,Hydraena,,genus,0.019063114,2.53,17,2.2,2.7,Europe,Switserland,Burgherr & Meyer 1997,linear model natural log,,,-3.96,1.2,2.53,1.34,
Diptera,Tanypodinae,,,family,0.001043505,3.10211,20,3,10.5,Asia,Korea,Chung et al 2008,linear model natural log,,,-6.86517,0.63124,3.10211,0.41833,
Ephemeroptera,Ephemeridae,Ephemera,,genus,0.001597253,3.10693,34,3.7,25.5,Asia,Korea,Chung et al 2008,linear model natural log,,,-6.43947,0.15517,3.10693,0.06357,
Ephemeroptera,Baetidae,Baetis,,genus,0.001932907,3.38661,60,2.5,8.1,Asia,Korea,Chung et al 2008,linear model natural log,,,-6.24873,0.13699,3.38661,0.08241,
Diptera,Tipulidae,Tipula,,genus,0.002570435,2.85475,24,3.5,53.5,Asia,Korea,Chung et al 2008,linear model natural log,,,-5.96368,0.35711,2.85475,0.11013,
Diptera,Chironomidae (non-Tanypodinae),,,family,0.002843129,2.51826,60,2,6.4,Asia,Korea,Chung et al 2008,linear model natural log,,,-5.86285,0.42861,2.51826,0.31249,
Plecoptera,Chloroperlidae,Sweltsa,,genus,0.002856381,2.95735,53,2.2,10.6,Asia,Korea,Chung et al 2008,linear model natural log,,,-5.8582,0.18444,2.95735,0.10445,
Ephemeroptera,Leptophlebiidae,Paraleptophlebia,Paraleptophlebia chocorata,species,0.002943488,3.16628,47,2.1,7.8,Asia,Korea,Chung et al 2008,linear model natural log,,,-5.82816,0.15905,3.16628,0.1014,
Trichoptera,Rhyacophilidae,Rhyacophila,Rhyacophila shikotsuensis,species,0.003655436,2.98184,22,3.5,17.1,Asia,Korea,Chung et al 2008,linear model natural log,,,-5.61154,0.18146,2.98184,0.08278,
Ephemeroptera,Ameletidae,Ameletus,,genus,0.003833565,2.97029,45,6.5,18.5,Asia,Korea,Chung et al 2008,linear model natural log,,,-5.56396,0.34226,2.97029,0.15206,
Trichoptera,Philopotamidae,Philopotamidae,,genus,0.003987503,2.74318,23,3.5,11.5,Asia,Korea,Chung et al 2008,linear model natural log,,,-5.52459,0.19277,2.74318,0.1094,
Trichoptera,Rhyacophilidae,Rhyacophila,Rhyacophila articulata,species,0.004120256,3.2613,51,3.2,12.3,Asia,Korea,Chung et al 2008,linear model natural log,,,-5.49184,0.20026,3.2613,0.09771,
Diptera,Pediciidae,Dicranota,,genus,0.004195218,2.50973,24,3.5,7,Asia,Korea,Chung et al 2008,linear model natural log,,,-5.47381,0.52027,2.50973,0.32023,
Diptera,Tipulidae,Hexatoma,,genus,0.004451162,2.95039,30,3.2,33,Asia,Korea,Chung et al 2008,linear model natural log,,,-5.41459,0.16809,2.95039,0.07308,
Trichoptera,Limnephilidae,Hydatophylax,,genus,0.005217693,2.91395,37,1.9,25.5,Asia,Korea,Chung et al 2008,linear model natural log,,,-5.2557,0.16005,2.91395,0.06741,
Plecoptera,Perlidae,Oyamia,Oyamia nigribasis,species,0.005463258,3.05227,32,2.5,20.2,Asia,Korea,Chung et al 2008,linear model natural log,,,-5.20971,0.17407,3.05227,0.07391,
Plecoptera,Geometridae,Scopula,,genus,0.005979012,2.85188,17,4.1,23.2,Asia,Korea,Chung et al 2008,linear model natural log,,,-5.1195,0.30844,2.85188,0.13427,
Trichoptera,Rhyacophilidae,Rhyacophila,Rhyacophila impar,species,0.006073076,2.93557,14,2.5,9.2,Asia,Korea,Chung et al 2008,linear model natural log,,,-5.10389,0.29494,2.93557,0.16365,
Ephemeroptera,Heptageniidae,Cinygmula,,genus,0.006323515,2.92177,16,4.1,7.1,Asia,Korea,Chung et al 2008,linear model natural log,,,-5.06348,0.22795,2.92177,0.12944,
Plecoptera,Perlidae,Kamimuria,,genus,0.006523462,3.02688,41,2.7,27,Asia,Korea,Chung et al 2008,linear model natural log,,,-5.03235,0.12284,3.02688,0.05873,
Plecoptera,Nemouridae,Amphinemura,,genus,0.007095816,2.84697,41,1.4,9.2,Asia,Korea,Chung et al 2008,linear model natural log,,,-4.94825,0.13579,2.84697,0.08323,
Ephemeroptera,Ephemerellidae,Drunella,Drunella triacantha,species,0.007289867,3.15359,33,3.2,11.3,Asia,Korea,Chung et al 2008,linear model natural log,,,-4.92127,0.18999,3.15359,0.10074,
Diptera,Simuliidae,,,family,0.007311769,2.79446,69,1.2,4.1,Asia,Korea,Chung et al 2008,linear model natural log,,,-4.91827,0.22757,2.79446,0.25393,
Plecoptera,Nemouridae,Nemoura,,genus,0.007505419,2.94903,44,2.1,7.3,Asia,Korea,Chung et al 2008,linear model natural log,,,-4.89213,0.20197,2.94903,0.15143,
Plecoptera,Perlodidae,Stavsolus,,genus,0.008350115,2.73435,30,3.3,16.3,Asia,Korea,Chung et al 2008,linear model natural log,,,-4.78548,0.2121,2.73435,0.10564,
Ephemeroptera,Baetidae,Epeorus,Epeorus curvatulus,species,0.010290748,2.84825,45,2.5,8.1,Asia,Korea,Chung et al 2008,linear model natural log,,,-4.57651,0.12729,2.84825,0.07116,
Ephemeroptera,Heptageniidae,Ecdyonurus,Ecdyonurus kibunensis,species,0.01485216,2.65256,23,2.4,6.5,Asia,Korea,Chung et al 2008,linear model natural log,,,-4.20961,0.2163,2.65256,0.15452,
Ephemeroptera,Heptageniidae,Ecdyonurus,Ecdyonurus dracon,species,0.015079335,2.81479,39,4.7,12.2,Asia,Korea,Chung et al 2008,linear model natural log,,,-4.19443,0.19024,2.81479,0.09911,
Trichoptera,Odontoceridae,Psilotreta,Psilotreta kisoensis,species,0.017420458,2.77578,57,1.5,11.5,Asia,Korea,Chung et al 2008,linear model natural log,,,-4.05011,0.20282,2.77578,0.11653,
Trichoptera,Rhyacophilidae,Rhyacophila,Rhyacophila brevicephala,species,0.018170789,2.40512,29,2.8,6.4,Asia,Korea,Chung et al 2008,linear model natural log,,,-4.00794,0.21875,2.40512,0.1571,
Trichoptera,Hydropsychidae,Leptonema,,genus,0.0005,3.5,,,,South America,"Minas Gerais, Brasil",Coelho et al 2023,power model,0.0005,,,,3.5,,
Diptera,Chironominae,,,subfamily,0.001097193,2.739,19,2.25,8.75,Oceania,Australia,Dekanova et al 2022,linear model natural log,,,-6.815,0.276,2.739,0.167,
Diptera,Chironomidae,,,family,0.001816216,2.435,38,2.25,8.75,Oceania,Australia,Dekanova et al 2022,linear model natural log,,,-6.311,0.218,2.435,0.135,
Trichoptera,Hydropsychidae,Cheumatopsyche,,genus,0.001892229,2.783,16,3.75,12.75,Oceania,Australia,Dekanova et al 2022,linear model natural log,,,-6.27,0.991,2.783,0.513,
Ephemeroptera,Baetidae,Offadens,,genus,0.002350799,2.993,45,1.25,9.5,Oceania,Australia,Dekanova et al 2022,linear model natural log,,,-6.053,0.214,2.993,0.14,
Odonata,Gomphidae,Austrogomphus,,genus,0.002608448,3.393,10,2.25,14.25,Oceania,Australia,Dekanova et al 2022,linear model natural log,,,-5.949,0.728,3.393,0.42,
Trichoptera,,,,class,0.00285981,2.549,45,2.25,12.75,Oceania,Australia,Dekanova et al 2022,linear model natural log,,,-5.857,0.407,2.549,0.221,
Diptera,Orthocladiinae,,,subfamily,0.002958716,2.069,8,2.25,8.75,Oceania,Australia,Dekanova et al 2022,linear model natural log,,,-5.823,0.404,2.069,0.253,
Trichoptera,Ecnomidae,Ecnomus,,genus,0.003440976,2.418,29,2.25,10.75,Oceania,Australia,Dekanova et al 2022,linear model natural log,,,-5.672,0.418,2.418,2.433,
Ephemeroptera,Baetidae,Centroptilum,,genus,0.004270604,2.573,15,3.25,7.75,Oceania,Australia,Dekanova et al 2022,linear model natural log,,,-5.456,0.747,2.573,0.423,
Diptera,Tanypodinae,,,subfamily,0.004663449,1.886,11,3.25,6.75,Oceania,Australia,Dekanova et al 2022,linear model natural log,,,-5.368,0.493,1.886,0.313,
Odonata,Gomphidae,,,family,0.004892754,3.186,28,2.25,15.25,Oceania,Australia,Dekanova et al 2022,linear model natural log,,,-5.32,0.36,3.186,0.189,
Ephemeroptera,,,,order,0.005021633,2.618,163,1.25,12.75,Oceania,Australia,Dekanova et al 2022,linear model natural log,,,-5.294,0.103,2.618,0.066,
Ephemeroptera,Caenidae,Irpacaenis,,genus,0.005904739,2.458,26,1.25,5.75,Oceania,Australia,Dekanova et al 2022,linear model natural log,,,-5.132,0.142,2.458,0.135,
Ephemeroptera,Leptophlebiidae,Atalophlebia,,genus,0.006263601,2.564,33,1.25,12.75,Oceania,Australia,Dekanova et al 2022,linear model natural log,,,-5.073,0.25,2.564,0.136,
Ephemeroptera,Baetidae,Bugona,,genus,0.008522888,2.392,39,2.75,7.25,Oceania,Australia,Dekanova et al 2022,linear model natural log,,,-4.765,0.437,2.392,0.279,
Odonata,Corduliidae,Procordulia,,genus,0.010462059,3.044,78,2.25,9.75,Oceania,Australia,Dekanova et al 2022,linear model natural log,,,-4.56,0.196,3.044,0.138,
Odonata,Gomphidae,Hemigomphus,,genus,0.010748383,2.861,18,2.75,15.25,Oceania,Australia,Dekanova et al 2022,linear model natural log,,,-4.533,0.261,2.861,0.131,
Odonata,Libellulidae,Urothemis,Urothemis aliena,species,0.012228329,2.728,28,2.75,19.75,Oceania,Australia,Dekanova et al 2022,linear model natural log,,,-4.404,0.211,2.728,0.102,
Odonata,,,,order,0.014728071,2.721,143,2.25,19.75,Oceania,Australia,Dekanova et al 2022,linear model natural log,,,-4.218,0.133,2.721,0.079,
Odonata,Libellulidae,,,family,0.0225054,2.488,37,2.75,19.75,Oceania,Australia,Dekanova et al 2022,linear model natural log,,,-3.794,0.274,2.488,0.136,
Odonata,Libellulidae,Hydrobasileus,Hydrobasileus brevistylus,species,0.095464579,1.888,9,2.75,11.75,Oceania,Australia,Dekanova et al 2022,linear model natural log,,,-2.349,0.65,1.888,0.363,
Plecoptera,Perlidae,Oyamia,Oyamia lugubris,species,0.0048,3.008,104,7.45,30.64,Asia,Japan,Genkai-Kato & Miyasaka 2007,power model,0.0048,,,,3.008,,seasonal variation in reference
Plecoptera,Perlidae,Kamimuria,Kamimuria tibialis,species,0.0093,2.785,49,12.26,24.61,Asia,Japan,Genkai-Kato & Miyasaka 2007,power model,0.0093,,,,2.785,,seasonal variation in reference
Plecoptera,Perlidae,Paragnetina,Paragnetina tinctipennis,species,0.0144,2.714,48,9.62,37.32,Asia,Japan,Genkai-Kato & Miyasaka 2007,power model,0.0144,,,,2.714,,seasonal variation in reference
Plecoptera,Perlidae,Kamimuria,Kamimuria uenoi,species,0.0467,2.223,43,11.49,23.21,Asia,Japan,Genkai-Kato & Miyasaka 2007,power model,0.0467,,,,2.223,,seasonal variation in reference
Ephemeroptera,Leptophlebiidae,Habrophlebia,Habrophlebia fusca,species,0.000764721,3.5,,,,Europe,Italy,Giustini et al 2008,linear model natural log,,,-7.176,0.041,3.733,0.03,
Plecoptera,Nemouridae,Nemoura,Nemoura cinerea,species,0.001901713,3.5,,,,Europe,Italy,Giustini et al 2008,linear model natural log,,,-6.265,0.11,3.588,0.06,
Plecoptera,,,,order,0.002167892,3.5,,,,Europe,Italy,Giustini et al 2008,linear model natural log,,,-6.134,0.056,3.221,0.036,
Plecoptera,Leuctridae,Leuctra,,genus,0.002626771,3.5,,,,Europe,Italy,Giustini et al 2008,linear model natural log,,,-5.942,0.049,2.818,0.033,
Ephemeroptera,Heptageniidae,Rhithrogena,Rhithrogena semicolorata,species,0.002820052,3.5,,,,Europe,Italy,Giustini et al 2008,linear model natural log,,,-5.871,0.022,3.284,0.022,
Ephemeroptera,Baetidae,Baetis,,genus,0.004387481,3.5,,,,Europe,Italy,Giustini et al 2008,linear model natural log,,,-5.429,0.022,2.689,0.02,
Ephemeroptera,Heptageniidae,,,family,0.004548308,3.5,,,,Europe,Italy,Giustini et al 2008,linear model natural log,,,-5.393,0.027,3.057,0.021,
Ephemeroptera,Leptophlebiidae,,,family,0.004548308,3.5,,,,Europe,Italy,Giustini et al 2008,linear model natural log,,,-5.393,0.1,2.789,0.082,
Ephemeroptera,Leptophlebiidae,Paraleptophlebia,Paraleptophlebia submarginata,species,0.004580258,3.5,,,,Europe,Italy,Giustini et al 2008,linear model natural log,,,-5.386,0.061,2.872,0.047,
Ephemeroptera,,,,order,0.004757657,3.5,,,,Europe,Italy,Giustini et al 2008,linear model natural log,,,-5.348,0.061,2.756,0.057,
Ephemeroptera,Heptageniidae,Ecdyonurus,Ecdyonurus helveticus,species,0.006637632,3.5,,,,Europe,Italy,Giustini et al 2008,linear model natural log,,,-5.015,0.038,2.9,0.023,
Plecoptera,Perlodidae,Isoperla,Isoperla grammatica,species,0.007104691,3.5,,,,Europe,Italy,Giustini et al 2008,linear model natural log,,,-4.947,0.052,2.743,0.032,
Ephemeroptera,,,,order,0.02983718,2.06,196,3,18,Asia,Caspian Sea basin,Hajiesmaeili et al 2019,linear model natural log,,,-3.512,0.349,2.06,0.16,
Diptera,Chironomidae,,,family,0.031555733,1.198,,,,Asia,Caspian Sea basin,Hajiesmaeili et al 2019,linear model natural log,,,-3.456,0.4,1.198,0.186,
Diptera,Tipulidae,,,family,0.039439004,1.838,,,,Asia,Caspian Sea basin,Hajiesmaeili et al 2019,linear model natural log,,,-3.233,0.271,1.838,0.11,
Ephemeroptera,Baetidae,,,family,0.0619765,1.28,,,,Asia,Caspian Sea basin,Hajiesmaeili et al 2019,linear model natural log,,,-2.781,0.551,1.28,0.271,
Ephemeroptera,Heptageniidae,,,family,0.069948222,1.906,,,,Asia,Caspian Sea basin,Hajiesmaeili et al 2019,linear model natural log,,,-2.66,0.271,1.906,0.117,
Diptera,Simuliidae,,,family,0.071289944,1.125,,,,Asia,Caspian Sea basin,Hajiesmaeili et al 2019,linear model natural log,,,-2.641,0.505,1.125,0.282,
Diptera,,,,order,0.090990516,1.32,511,2,21,Asia,Caspian Sea basin,Hajiesmaeili et al 2019,linear model natural log,,,-2.397,0.263,1.32,12,
Trichoptera,,,,order,0.128992631,2.18,183,5,19,Asia,Caspian Sea basin,Hajiesmaeili et al 2019,linear model natural log,,,-2.048,0.403,2.18,0.17,
Diptera,Chironomidae,Chironomus,,species,0.0000428,4.15,38,10,,North America,Alaska,Johnston & Cunjak 1999 FWB,power model,0.0000428,,,,4.15,,Butler (1982)
Ephemeroptera,Tricorythidae,Leptophlebia,Leptophlebia marginata,species,0.0000441,4.69,50,9,13,Europe,Norway,Johnston & Cunjak 1999 FWB,power model,0.0000441,,,,4.69,,Brittain 1978
Diptera,Tipulidae,Pedicia,Pedicia hannai antenatta,species,0.000175,3.51,,7,22,North America,Alaska,Johnston & Cunjak 1999 FWB,power model,0.000175,,,,3.51,,MacLean (1973)
Ephemeroptera,Tricorythidae,Leptophlebia,Leptophlebia cupida,species,0.0002,4.01,,6,,North America,"Alberta, Canada",Johnston & Cunjak 1999 FWB,power model,0.0002,,,,4.01,,Clifford (1979)
Diptera,Chironomidae,Tribelos,,species,0.000281,4.16,12,2.1,4.4,North America,"AZ, USA",Johnston & Cunjak 1999 FWB,power model,0.000281,,,,4.16,,Fisher & Gray (1983)
Ephemeroptera,Siphlonuridae,Siphlonurus,Siphlonurus lacustris,species,0.000319,3.85,80,3,17,Europe,Norway,Johnston & Cunjak 1999 FWB,power model,0.000319,,,,3.85,,Brittain 1978
Megaloptera,Corydalidae,Nigronia,Nigronia serricornis,species,0.000398,3.45,867,10,45,North America,"MI, USA",Johnston & Cunjak 1999 FWB,power model,0.000398,,,,3.45,,Knight & Simmons (1975a)
Diptera,Simuliidae,Stegopterna,Stegopterna mutata,species,0.00042,3.83,169,,,North America,"MI, USA",Johnston & Cunjak 1999 FWB,power model,0.00042,,,,3.83,,Merritt (1982)
Diptera,Chaoboridae,Chaoborus,Chaoborus punctipennis,species,0.000453,2.43,,,,North America,"NC, USA",Johnston & Cunjak 1999 FWB,power model,0.000453,,,,2.43,,Eaton (1983)
Ephemeroptera,Tricorythidae,Leptophlebia,Leptophlebia vespertina,species,0.000469,3.74,66,4,11,Europe,Norway,Johnston & Cunjak 1999 FWB,power model,0.000469,,,,3.74,,Brittain 1978
Megaloptera,Corydalidae,Corydalus,Corydalus cornutus,species,0.000576,3.28,1423,13,85,North America,"MI, USA",Johnston & Cunjak 1999 FWB,power model,0.000576,,,,3.28,,Knight & Simmons (1975b)
Ephemeroptera,Polymitarcyidae,Hexagenia,Hexagenia limbata,species,0.000616,3.31,430,,,North America,"Texas, USA",Johnston & Cunjak 1999 FWB,power model,0.000616,,,,3.31,,Welch & Voldopich (1989)
Diptera,Chironomidae,Chironomus,,genus,0.000762,3.07,21,5,9,North America,Alaska,Johnston & Cunjak 1999 FWB,power model,0.000762,,,,3.07,,Butler (1982)
Ephemeroptera,Polymitarcyidae,Hexagenia,Hexagenia limbata,species,0.000894,3.16,186,,,North America,"Great Lakes, Canada/USA",Johnston & Cunjak 1999 FWB,power model,0.000894,,,,3.16,,Edsall (1991)
Ephemeroptera,Baetidae,Cloëon,Cloëon dipterum,species,0.001,3.68,1096,2,8.4,Europe,Poland,Johnston & Cunjak 1999 FWB,power model,0.001,,,,3.68,,Cianciara (1980)
Diptera,Chironomidae,,,family,0.00113,2.73,,2,19,Europe,"Wales, UK",Johnston & Cunjak 1999 FWB,power model,0.00113,,,,2.73,,Potter & Learner (1974)
Diptera,Simuliidae,Stegopterna,Stegopterna mutata,species,0.00118,3.22,67,,,North America,"Quebec, Canada",Johnston & Cunjak 1999 FWB,power model,0.00118,,,,3.22,,Morin (1988)
Diptera,Simuliidae,Simulium,Simulium vittatum,species,0.00119,3.65,123,,,North America,"Quebec, Canada",Johnston & Cunjak 1999 FWB,power model,0.00119,,,,3.65,,Morin (1988)
Diptera,Chironomidae,Chironomus,Chironomus salinarius,genus,0.0012,2.79,947,,,Europe,SW Spain,Johnston & Cunjak 1999 FWB,power model,0.0012,,,,2.79,,Drake & Arias (1995)
Diptera,Simuliidae,Prosimulium,Prosimulium mixtum/fuscum,species,0.00122,3.19,612,,,North America,"MI, USA",Johnston & Cunjak 1999 FWB,power model,0.00122,,,,3.19,,Merritt (1982)
Diptera,Simuliidae,Prosimulium,Prosimulium mixtum/fuscum,,0.00136,3.05,144,,,North America,"Quebec, Canada",Johnston & Cunjak 1999 FWB,power model,0.00136,,,,3.05,,Morin (1988)
Diptera,Simuliidae,Simulium,,genus,0.00171,2.88,,1,7,Europe,"Durham, UK",Johnston & Cunjak 1999 FWB,power model,0.00171,,,,2.88,,Wotton (1978)
Ephemeroptera,Ephemerellidae,Drunella,,genus,0.00185,3.46,256,,,North America,"Oregon, USA",Johnston & Cunjak 1999 FWB,power model,0.00185,,,,3.46,,
Ephemeroptera,Polymitarcyidae,Ephoron,Ephoron album,species,0.002,3.05,,1,14,North America,"Manitoba, Canada",Johnston & Cunjak 1999 FWB,power model,0.002,,,,3.05,,Giberson & Galloway (1985)
Diptera,Chironomidae,,,family,0.00215,2.71,38,2,6,North America,Canada,Johnston & Cunjak 1999 FWB,power model,0.00215,,,,2.71,,
Ephemeroptera,Ameletidae,Ameletus,Ameletus inopinatus,species,0.00224,2.9,26,7,13,Europe,Norway,Johnston & Cunjak 1999 FWB,power model,0.00224,,,,2.9,,Brittain 1978
Trichoptera,Polycentropodidae,Polycentropus,Polycentropus flavomaculatus,species,0.00266,2.76,19,3,13,Europe,UK,Johnston & Cunjak 1999 FWB,power model,0.00266,,,,2.76,,Bass (1982)
Ephemeroptera,Tricorythidae,Habrophlebia,Habrophlebia vibrans,species,0.00284,4.29,,,,North America,"Quebec, Canada",Johnston & Cunjak 1999 FWB,power model,0.00284,,,,4.29,,Lauzon & Harper (1988)
Ephemeroptera,Isonychiidae,Isonychia,,genus,0.00306,2.92,123,,,North America,"California, USA",Johnston & Cunjak 1999 FWB,power model,0.00306,,,,2.92,,Benke & Jacobi (1994)
Ephemeroptera,Polymitarcyidae,Ephemera,Ephemera danica,species,0.00309,2.86,,,,Europe,Sweden,Johnston & Cunjak 1999 FWB,power model,0.00309,,,,2.86,,Svensson (1977)
Ephemeroptera,Polymitarcyidae,Ephemera,Ephemera danica,species,0.00316,2.86,,,,Europe,"Norfolk, UK",Johnston & Cunjak 1999 FWB,power model,0.00316,,,,2.86,,Tokeshi (1985)
Ephemeroptera,Heptageniidae,Rhithrogena,Rhithrogena semicolorata,species,0.00341,3.35,106,,,Europe,Germany,Johnston & Cunjak 1999 FWB,power model,0.00341,,,,3.35,,Wenzel (1990)
Ephemeroptera,Tricorythidae,Habrophlebia,Habrophlebia vibrans,species,0.00349,2.42,,0.5,6,North America,"Quebec, Canada",Johnston & Cunjak 1999 FWB,power model,0.00349,,,,2.42,,Lauzon & Harper (1988)
Ephemeroptera,Tricorythidae,Leptophlebia,Leptophlebia vespertina,species,0.00363,3.1,15,1.1,8,Europe,"Cheshire, UK",Johnston & Cunjak 1999 FWB,power model,0.00363,,,,3.1,,Savage (1986)
Megaloptera,Sialidae,Sialis,Sialis lutaria,species,0.0039,2.86,42,,,Europe,"Essex, UK",Johnston & Cunjak 1999 FWB,power model,0.0039,,,,2.86,,Brooker (1979)
Ephemeroptera,Baetidae,Baetis,Baetis pygmaeus,species,0.00395,2.38,,,,North America,"Quebec, Canada",Johnston & Cunjak 1999 FWB,power model,0.00395,,,,2.38,,Lauzon & Harper (1988)
Trichoptera,Philopotamidae,Dolophilodes,,genus,0.00408,2.82,28,2.8,9.4,North America,Canada,Johnston & Cunjak 1999 FWB,power model,0.00408,,,,2.82,,
Ephemeroptera,Heptageniidae,Ecdyonurus,Ecdyonurus venosus,species,0.0043,3.35,58,,,Europe,Germany,Johnston & Cunjak 1999 FWB,power model,0.0043,,,,3.35,,Wenzel (1990)
Ephemeroptera,Tricorythidae,Leptophlebia,Leptophlebia cupida,species,0.0045,2.23,,,6,North America,"Alberta, Canada",Johnston & Cunjak 1999 FWB,power model,0.0045,,,,2.23,,Clifford (1979)
Ephemeroptera,Heptageniidae,Stenonema,Stenonema modestum,species,0.00474,2.82,,,,North America,"Quebec, Canada",Johnston & Cunjak 1999 FWB,power model,0.00474,,,,2.82,,Lauzon & Harper (1988)
Odonata,Coenagrionidae,Pyrrhosoma,Pyrrhosoma nymphula,species,0.0049,3,65,1.3,2.7,Europe,"Durham, UK",Johnston & Cunjak 1999 FWB,power model,0.0049,,,,3,,Lawton (1971)
Ephemeroptera,Ephemerellidae,Eurylophella,Eurylophella verisimilis,species,0.00505,2.44,,,,North America,"Quebec, Canada",Johnston & Cunjak 1999 FWB,power model,0.00505,,,,2.44,,Lauzon & Harper (1988)
Ephemeroptera,Baetidae,Baetis,Baetis quilleri,species,0.00517,2.38,12,2,4.4,North America,"Arizona, USA",Johnston & Cunjak 1999 FWB,power model,0.00517,,,,2.38,,Fisher & Gray (1983)
Diptera,Simuliidae,Simulium,Simulium equinum,species,0.00546,2.5,,,,Europe,"Dorset, UK",Johnston & Cunjak 1999 FWB,power model,0.00546,,,,2.5,,Ladle (1972)
Ephemeroptera,Tricorythidae,Habrophlebia,Habrophlebia lauta,species,0.00552,2.7,28,,,Europe,Germany,Johnston & Cunjak 1999 FWB,power model,0.00552,,,,2.7,,Wenzel (1990)
Diptera,Tanypodinae,,,subfamily,0.00562,2,16,3,5.8,North America,Canada,Johnston & Cunjak 1999 FWB,power model,0.00562,,,,2,,
Diptera,Simuliidae,Simulium,,genus,0.00601,2.81,30,0.65,5.4,North America,Canada,Johnston & Cunjak 1999 FWB,power model,0.00601,,,,2.81,,
Diptera,Simuliidae,Simulium,Simulium ornatum,species,0.00658,2.31,,,,Europe,"Dorset, UK",Johnston & Cunjak 1999 FWB,power model,0.00658,,,,2.31,,Ladle (1972)
Odonata,Coenagrionidae,Pyrrhosoma,Pyrrhosoma nymphula,species,0.00661,2.73,120,2.7,10,Europe,"Durham, UK",Johnston & Cunjak 1999 FWB,power model,0.00661,,,,2.73,,Lawton (1971)
Odonata,Lestidae,Lestes,Lestes sponsa,species,0.00745,2.97,30,4.9,21,Europe,NW Russia,Johnston & Cunjak 1999 FWB,power model,0.00745,,,,2.97,,Pavlov & Zubina (1990)
Ephemeroptera,Heptageniidae,Ecdyonurus,Epeorus sylvicola,species,0.00874,2.89,30,,,Europe,Germany,Johnston & Cunjak 1999 FWB,power model,0.00874,,,,2.89,,Wenzel (1990)
Ephemeroptera,Ephemerellidae,Drunella,,genus,0.00902,3,16,2.3,7,North America,Canada,Johnston & Cunjak 1999 FWB,power model,0.00902,,,,3,,
Trichoptera,Limnephilidae,Platycentropus,Platycentropus radiatus,species,0.00919,2.7,300,1,12,North America,"NC, USA",Johnston & Cunjak 1999 FWB,power model,0.00919,,,,2.7,,Stout (1990)
Ephemeroptera,Tricorythidae,Tricorythodes,Tricorythodes minutus,species,0.00921,3.22,200,2.5,6,North America,"ID, USA",Johnston & Cunjak 1999 FWB,power model,0.00921,,,,3.22,,McCullough (1979)
Ephemeroptera,Ephemerellidae,,,family,0.00928,2.9,50,1.6,7.1,North America,Canada,Johnston & Cunjak 1999 FWB,power model,0.00928,,,,2.9,,
Ephemeroptera,Leptophlebiidae,Paraleptophlebia,,genus,0.0094,2.51,50,1.8,7.1,North America,Canada,Johnston & Cunjak 1999 FWB,power model,0.0094,,,,2.51,,
Ephemeroptera,Baetidae,Baetis,,genus,0.00946,2.44,45,1.1,5.5,North America,Canada,Johnston & Cunjak 1999 FWB,power model,0.00946,,,,2.44,,
Ephemeroptera,Baetidae,Accentrella,,genus,0.00962,2.75,57,1,4.8,North America,Canada,Johnston & Cunjak 1999 FWB,power model,0.00962,,,,2.75,,
Ephemeroptera,Baetidae,,,family,0.00983,2.61,103,1,5.5,North America,Canada,Johnston & Cunjak 1999 FWB,power model,0.00983,,,,2.61,,
Ephemeroptera,Baetidae,Baetis,,genus,0.01,2.55,,,,Europe,Switserland,Johnston & Cunjak 1999 FWB,power model,0.01,,,,2.55,,Breitenmoser-Wursten & Sartori (1995)
Plecoptera,Perlidae,Acroneuria,Acroneuria lycorias,species,0.0101,2.9,,,,North America,"MI, USA",Johnston & Cunjak 1999 FWB,power model,0.0101,,,,2.9,,Eggert & Burton (1994)
Ephemeroptera,Ephemerellidae,Serratella,,genus,0.0104,2.83,20,1.6,4.8,North America,Canada,Johnston & Cunjak 1999 FWB,power model,0.0104,,,,2.83,,
Ephemeroptera,Heptageniidae,Leucrocuta,,genus,0.0106,2.79,26,1.5,7.5,North America,Canada,Johnston & Cunjak 1999 FWB,power model,0.0106,,,,2.79,,
Ephemeroptera,Heptageniidae,,,family,0.0111,2.74,37,1.5,8.6,North America,Canada,Johnston & Cunjak 1999 FWB,power model,0.0111,,,,2.74,,
Ephemeroptera,Ephemerellidae,Ephemerella,,genus,0.0124,2.51,32,,,,,Johnston & Cunjak 1999 FWB,power model,0.0124,,,,2.51,,Benke & Jacobi (1994)
Plecoptera,Perlidae,Acroneuria,Acroneuria lycorias,species,0.0129,2.8,,,,North America,"MI, USA",Johnston & Cunjak 1999 FWB,power model,0.0129,,,,2.8,,Eggert & Burton (1994)
Ephemeroptera,Heptageniidae,Rhithrogena,,genus,0.0138,2.56,,,,Europe,Switserland,Johnston & Cunjak 1999 FWB,power model,0.0138,,,,2.56,,Breitenmoser-Wursten & Sartori (1995)
Plecoptera,Peltoperlidae,Tallaperla,Tallaperla maria,species,0.0141,2.62,289,1,11,North America,"NC, USA",Johnston & Cunjak 1999 FWB,power model,0.0141,,,,2.62,,Stout (1990)
Ephemeroptera,Baetidae,Baetis,Baetis macani,species,0.0147,2.1,12,8,10,Europe,Norway,Johnston & Cunjak 1999 FWB,power model,0.0147,,,,2.1,,Brittain 1978
Ephemeroptera,Ephemerellidae,Ephemerella,Ephemerella ignita,species,0.0148,2.21,,0.7,8,Europe,"Dorset, UK",Johnston & Cunjak 1999 FWB,power model,0.0148,,,,2.21,,Bass (1976)
Plecoptera,Capniidae,Allocapnia,Allocapnia rickeri,species,0.0197,1.83,55,1,6.2,North America,"OK, USA",Johnston & Cunjak 1999 FWB,power model,0.0197,,,,1.83,,Jop & Stewart (1987)
Odonata,Coenagrionidae,Coenagrion,Coenagrion hastulatum,species,0.0248,2.65,180,1.8,22,Europe,NW Russia,Johnston & Cunjak 1999 FWB,power model,0.0248,,,,2.65,,Pavlov & Zubina (1990)
Plecoptera,Perlidae,Acroneuria,Acroneuria evoluta,species,0.0281,2.36,152,0.5,21,North America,"OK, USA",Johnston & Cunjak 1999 FWB,power model,0.0281,,,,2.36,,Jop & Stewart (1987)
Plecoptera,Perlidae,Agnetia,Agnetia capitata,species,0.0297,2.3,152,1,19,North America,"OK, USA",Johnston & Cunjak 1999 FWB,power model,0.0297,,,,2.3,,Jop & Stewart (1987)
Plecoptera,Perlidae,Neoperla,,genus,0.0307,2.22,88,0.9,12,North America,"OK, USA",Johnston & Cunjak 1999 FWB,power model,0.0307,,,,2.22,,Jop & Stewart (1987)
Trichoptera,Hydropsychidae,Hydropsyche,Hydropsyche orientalis,species,0.039,2.42,50,0.5,13,Europe,East Russia,Johnston & Cunjak 1999 FWB,power model,0.039,,,,2.42,,Kocharina (1989)
Plecoptera,Peltoperlidae,Prostoia,Prostoia completa,species,0.0435,1.79,63,1,6.8,North America,"OK, USA",Johnston & Cunjak 1999 FWB,power model,0.0435,,,,1.79,,Jop & Stewart (1987)
Plecoptera,Peltoperlidae,Amphinemura,Amphinemura delosa,species,0.0478,1.43,113,0.5,6.4,North America,"OK, USA",Johnston & Cunjak 1999 FWB,power model,0.0478,,,,1.43,,Jop & Stewart (1987)
Plecoptera,Perlodidae,Isoperla,Isoperla namata,species,0.0552,1.79,125,1,12,North America,"OK, USA",Johnston & Cunjak 1999 FWB,power model,0.0552,,,,1.79,,Jop & Stewart (1987)
Trichoptera,Stenopsychidae,Stenopsyche,Stenopsyche marmorata,species,0.056,2.29,50,2,50,Europe,East Russia,Johnston & Cunjak 1999 FWB,power model,0.056,,,,2.29,,Kocharina (1989)
Trichoptera,Hydropsychidae,Arctopsyche,Arctopsyche palpata,species,0.059,2.54,50,0.5,25,Europe,East Russia,Johnston & Cunjak 1999 FWB,power model,0.059,,,,2.54,,Kocharina (1989)
Odonata,Aeshnidae,Aeshna,Aeshna grandis,species,0.0623,2.68,13,15,38,Europe,NW Russia,Johnston & Cunjak 1999 FWB,power model,0.0623,,,,2.68,,Pavlov & Zubina (1990)
Odonata,Corduliidae,Cordulia,Cordulia aena ,species,0.0629,2.92,100,1.7,21,Europe,NW Russia,Johnston & Cunjak 1999 FWB,power model,0.0629,,,,2.92,,Pavlov & Zubina (1990)
Odonata,Corduliidae,Somatochlora,Somatochlora aenea,species,0.0882,2.85,20,8.5,20,Europe,NW Russia,Johnston & Cunjak 1999 FWB,power model,0.0882,,,,2.85,,Pavlov & Zubina (1990)
Odonata,Coenagrionidae,Coenagrion,Coenagrion pulchellum,species,0.0918,2.1,27,9.1,13,Europe,NW Russia,Johnston & Cunjak 1999 FWB,power model,0.0918,,,,2.1,,Pavlov & Zubina (1990)
Odonata,Libellulidae,Sympetrum,Sympetrum scoticum,species,0.0932,2.73,150,2.7,18,Europe,NW Russia,Johnston & Cunjak 1999 FWB,power model,0.0932,,,,2.73,,Pavlov & Zubina (1990)
Odonata,Coenagrionidae,Erythromma,Erythromma naja,species,0.107,2.08,42,14,21,Europe,NW Russia,Johnston & Cunjak 1999 FWB,power model,0.107,,,,2.08,,Pavlov & Zubina (1990)
Diptera,Ceratopogonidae,,,family,0.000363402,2.72,6,,,Europe,Germany,Märhlein et al 2016 Hydr,linear model natural log,,,-7.92,0.25,2.72,0.1,
Trichoptera,Hydroptilidae,Orthotrichia,,genus,0.000490542,4.18,9,,,Europe,Germany,Märhlein et al 2016 Hydr,linear model natural log,,,-7.62,0.67,4.18,0.66,
Diptera,Orthocladiinae,,,subfamily,0.000611253,2.74,25,,,Europe,Germany,Märhlein et al 2016 Hydr,linear model natural log,,,-7.4,0.27,2.74,0.15,
Diptera,Chironomidae,,,family,0.000911882,2.59,352,,,Europe,Germany,Märhlein et al 2016 Hydr,linear model natural log,,,-7,0.11,2.59,0.05,
Trichoptera,Hydroptilidae,,,family,0.001873401,2.52,23,,,Europe,Germany,Märhlein et al 2016 Hydr,linear model natural log,,,-6.28,0.59,2.52,0.5,
Trichoptera,Hydroptilidae,Oxyethira,,genus,0.001969452,3.05,16,,,Europe,Germany,Märhlein et al 2016 Hydr,linear model natural log,,,-6.23,0.76,3.05,0.68,
Trichoptera,Leptoceridae,Mystacides,Mystacides longicornis,species,0.001969452,2.52,14,,,Europe,Germany,Märhlein et al 2016 Hydr,linear model natural log,,,-6.23,0.49,2.52,0.29,
Trichoptera,Phryganeidae,,,family,0.002009237,2.57,17,,,Europe,Germany,Märhlein et al 2016 Hydr,linear model natural log,,,-6.21,0.31,2.57,0.13,
Trichoptera,Molannidae,Molanna,Molanna angustata,species,0.002503664,2.49,12,,,Europe,Germany,Märhlein et al 2016 Hydr,linear model natural log,,,-5.99,0.44,2.49,0.23,
Trichoptera,,Athripsodes,,genus,0.004516581,2.44,52,,,Europe,Germany,Märhlein et al 2016 Hydr,linear model natural log,,,-5.4,0.21,2.44,0.15,
Trichoptera,Leptoceridae,Oecetis,,genus,0.007750484,1.75,13,,,Europe,Germany,Märhlein et al 2016 Hydr,linear model natural log,,,-4.86,0.35,1.75,0.39,
Diptera,Tanypodinae,,,subfamily,0.009754759,1.44,19,,,Europe,Germany,Märhlein et al 2016 Hydr,linear model natural log,,,-4.63,0.18,1.44,0.1,
Diptera,Pediciidae,Dicranota,,genus,6.03108E-05,4.034,43,4.4,20.8,Europe,Central Europe,Meyer 1989,linear model natural log,,,-9.716,0.55,4.034,0.235,
Diptera,Ceratopogonidae,,,family,8.46488E-05,3.795,60,4.6,9.1,Europe,Central Europe,Meyer 1989,linear model natural log,,,-9.377,0.433,3.795,0.219,
Diptera,Pediciidae,Pedicia,,genus,0.000394063,3.106,19,6.5,32.3,Europe,Central Europe,Meyer 1989,linear model natural log,,,-7.839,0.519,3.106,0.167,
Ephemeroptera,Baetidae,Baetis,Baetis muticus,species,0.000408508,4.015,13,2.5,7.6,Europe,Central Europe,Meyer 1989,linear model natural log,,,-7.803,0.931,4.015,0.586,
Diptera,Limoniidae,Hexatoma,,genus,0.000415512,3.248,64,7.9,24,Europe,Central Europe,Meyer 1989,linear model natural log,,,-7.786,0.512,3.248,0.191,
Plecoptera,Leuctridae,Leuctra,Leuctra hippopus,species,0.000734735,3.757,5,2.4,5.6,Europe,Central Europe,Meyer 1989,linear model natural log,,,-7.216,0.461,3.757,0.334,
Diptera,Chironomidae,,,family,0.000864811,3.407,16,2.3,8.5,Europe,Central Europe,Meyer 1989,linear model natural log,,,-7.053,0.719,3.407,0.433,
Diptera,Athericidae,Atherix,Atherix ibis,species,0.001396201,2.899,39,5.1,17.1,Europe,Central Europe,Meyer 1989,linear model natural log,,,-6.574,0.701,2.899,0.287,
Trichoptera,Goeridae,,,family,0.001566361,4.245,6,2.3,7.2,Europe,Central Europe,Meyer 1989,linear model natural log,,,-6.459,0.873,4.245,0.518,
Trichoptera,Rhyacophilidae,Rhyacophila,,genus,0.001593217,3.124,168,2.4,24,Europe,Central Europe,Meyer 1989,linear model natural log,,,-6.442,0.172,3.124,0.082,
Plecoptera,Leuctridae,Leuctra,Leuctra inermis,species,0.001673229,3.093,24,1.8,5.9,Europe,Central Europe,Meyer 1989,linear model natural log,,,-6.393,0.442,3.093,0.31,
Trichoptera,Psychomyiidae,,,family,0.001823496,3.13,26,3.1,13.5,Europe,Central Europe,Meyer 1989,linear model natural log,,,-6.307,0.489,3.13,0.238,
Ephemeroptera,Baetidae,Baetis,,genus,0.001926597,3.238,177,1.5,11.2,Europe,Central Europe,Meyer 1989,linear model natural log,,,-6.252,0.152,3.238,0.0881,
Ephemeroptera,Baetidae,Baetis,Baetis rhodani,species,0.002383942,3.115,83,2.4,11.2,Europe,Central Europe,Meyer 1989,linear model natural log,,,-6.039,0.297,3.115,0.16,
Plecoptera,Leuctridae,Leuctra,,genus,0.002736707,2.713,66,1.8,10.7,Europe,Central Europe,Meyer 1989,linear model natural log,,,-5.901,0.295,2.713,0.2,
Ephemeroptera,Leptophlebiidae,Habrophlebia,Habrophlebia lauta,species,0.003141672,3.013,43,1.6,6.6,Europe,Central Europe,Meyer 1989,linear model natural log,,,-5.763,0.196,3.013,0.165,
Ephemeroptera,Heptageniidae,Rhithrogena ,Rhithrogena semicolorata,species,0.003430669,3.345,106,3,9.3,Europe,Central Europe,Meyer 1989,linear model natural log,,,-5.675,0.251,3.345,0.131,
Ephemeroptera,Leptophlebiidae,Habroleptoides,Habroleptoides confusa,species,0.004029955,2.926,44,2.2,9.9,Europe,Central Europe,Meyer 1989,linear model natural log,,,-5.514,0.307,2.926,0.22,
Coleoptera,Elmidae,Esolus,,genus,0.004086771,2.724,13,1.7,3.6,Europe,Central Europe,Meyer 1989,linear model natural log,,,-5.5,0.396,2.724,0.356,
Diptera,Limoniidae,Antocha,,genus,0.004103151,2.444,14,2.4,8.5,Europe,Central Europe,Meyer 1989,linear model natural log,,,-5.496,0.584,2.444,0.327,
Plecoptera,Nemouridae,Protonemura,Protonemura meyeri,species,0.004111366,3.178,20,2.3,6.7,Europe,Central Europe,Meyer 1989,linear model natural log,,,-5.494,0.319,3.178,0.206,
Ephemeroptera,Heptageniidae,Ecdyonurus,Ecdyonurus venosus,species,0.004313524,3.347,58,2.1,10.6,Europe,Central Europe,Meyer 1989,linear model natural log,,,-5.446,0.209,3.347,0.123,
Plecoptera,Nemouridae,Protonemura,,genus,0.004700906,3.113,59,1.5,8.2,Europe,Central Europe,Meyer 1989,linear model natural log,,,-5.36,0.158,3.113,0.101,
Diptera,Empididae,,,family,0.004743405,2.729,32,1.8,6.2,Europe,Central Europe,Meyer 1989,linear model natural log,,,-5.351,0.484,2.729,0.312,
Trichoptera,Limnephilidae,Allogamus,Allogamus auricollis,species,0.004815093,2.862,7,3.3,15.4,Europe,Central Europe,Meyer 1989,linear model natural log,,,-5.336,0.762,2.862,0.334,
Ephemeroptera,Ephemerellidae,Ephemerella,Ephemerella ignita,species,0.005401925,3.057,16,1.6,7.7,Europe,Central Europe,Meyer 1989,linear model natural log,,,-5.221,0.273,3.057,0.165,
Trichoptera,Limnephilidae,,,family,0.005412739,2.966,93,1.3,23.4,Europe,Central Europe,Meyer 1989,linear model natural log,,,-5.219,0.181,2.966,0.087,
Ephemeroptera,Baetidae,Baetis,Baetis fuscatus,species,0.005494542,2.566,6,2.9,6.4,Europe,Central Europe,Meyer 1989,linear model natural log,,,-5.204,0.022,2.566,0.605,
Plecoptera,Perlodidae,Perlodes,Perlodes microcephala,species,0.006048167,2.889,5,2.4,22.2,Europe,Central Europe,Meyer 1989,linear model natural log,,,-5.108,0.152,2.889,0.066,
Plecoptera,Perlodidae,Isoperla,Isoperla grammatica,species,0.006269868,2.697,86,1.7,12.8,Europe,Central Europe,Meyer 1989,linear model natural log,,,-5.072,0.186,2.697,0.107,
Trichoptera,Limnephilidae,Ecclisopteryx,,genus,0.006339217,3.024,23,4.3,12,Europe,Central Europe,Meyer 1989,linear model natural log,,,-5.061,0.712,3.024,0.34,
Ephemeroptera,Ephemerellidae,Ephemerella,,genus,0.006422165,2.912,111,1.2,9.7,Europe,Central Europe,Meyer 1989,linear model natural log,,,-5.048,0.126,2.912,0.078,
Ephemeroptera,Ephemerellidae,Ephemerella,Ephemerella mucronata,species,0.006819289,2.833,62,1.2,9.5,Europe,Central Europe,Meyer 1989,linear model natural log,,,-4.988,0.129,2.833,0.087,
Plecoptera,Taeniopterygidae,Taeniopteryx,Taeniopteryx hubaulti,species,0.007727267,2.724,7,1.6,8.7,Europe,Central Europe,Meyer 1989,linear model natural log,,,-4.863,0.421,2.724,0.281,
Trichoptera,Glossosomatidae,Agapetus,,genus,0.008669016,2.345,13,1.6,3.4,Europe,Central Europe,Meyer 1989,linear model natural log,,,-4.748,0.494,2.345,0.557,
Ephemeroptera,Heptageniidae,Epeorus,Epeorus sylvicola,species,0.008729912,2.885,30,1,15,Europe,Central Europe,Meyer 1989,linear model natural log,,,-4.741,0.3,2.885,0.186,
Plecoptera,Chloroperlidae,,,family,0.008791236,2.146,,2.2,8.3,Europe,Central Europe,Meyer 1989,linear model natural log,,,-4.734,0.573,2.146,0.358,
Trichoptera,Odontoceridae,Odontocerum,Odontocerum albicorne,species,0.00966736,2.768,20,1.2,13.6,Europe,Central Europe,Meyer 1989,linear model natural log,,,-4.639,0.257,2.768,0.137,
Plecoptera,Nemouridae,Amphinemura,,genus,0.01058836,2.538,34,1.2,5.7,Europe,Central Europe,Meyer 1989,linear model natural log,,,-4.548,0.276,2.538,0.241,
Diptera,Simuliidae,,,family,0.011097893,2.074,14,1.5,6.9,Europe,Central Europe,Meyer 1989,linear model natural log,,,-4.501,0.531,2.074,0.342,
Trichoptera,Sericostomatidae,Sericostoma,,genus,0.011378838,2.649,14,3.3,14.9,Europe,Central Europe,Meyer 1989,linear model natural log,,,-4.476,0.774,2.649,0.388,
Plecoptera,Perlidae,Perla,Perla marginata,species,0.013828826,2.653,36,9.1,21.9,Europe,Central Europe,Meyer 1989,linear model natural log,,,-4.281,0.962,2.653,0.352,
Coleoptera,Elmidae,Elmis,,genus,0.014639967,2.46,51,1.2,3.9,Europe,Central Europe,Meyer 1989,linear model natural log,,,-4.224,0.268,2.46,0.245,
Plecoptera,Nemouridae,Nemoura,,genus,0.016473537,1.986,18,1.3,6.6,Europe,Central Europe,Meyer 1989,linear model natural log,,,-4.106,0.447,1.986,0.35,
Ephemeroptera,Leptophlebiidae,Meridialaris,,genus,4.77276E-05,4.84,39,2.5,11,South America,Argentina,Miserendino 2001,linear model natural log,,,-9.95,0.53,4.84,0.29,
Diptera,Muscidae,Lispoides,,genus,0.000325548,3.55,6,6.5,13.5,South America,Argentina,Miserendino 2001,linear model natural log,,,-8.03,1.27,3.55,0.57,
Diptera,Tipulidae,Hexatoma,,genus,0.000435072,3.29,18,6.5,23,South America,Argentina,Miserendino 2001,linear model natural log,,,-7.74,0.8,3.29,0.35,
Diptera,Chironomidae,Paratrichocladius,,genus,0.001695123,3.23,17,3,7,South America,Argentina,Miserendino 2001,linear model natural log,,,-6.38,0.37,3.23,0.25,
Ephemeroptera,Siphlonuridae,Metamonius,,genus,0.001729367,3.26,41,5,11.5,South America,Argentina,Miserendino 2001,linear model natural log,,,-6.36,0.41,3.26,0.19,
Plecoptera,Gripopterygidae,Notoperlopsis,Notoperlopsis femina,species,0.00185476,2.94,31,3,15,South America,Argentina,Miserendino 2001,linear model natural log,,,-6.29,0.47,2.94,0.22,
Odonata,Aeshnidae,Aeshna,,genus,0.002381559,3.18,13,3,22,South America,Argentina,Miserendino 2001,linear model natural log,,,-6.04,0.64,3.18,0.28,
Coleoptera,Hydrophilidae,Tropisternus,Tropisternus setiger,species,0.002405494,2.2,7,3,8,South America,Argentina,Miserendino 2001,linear model natural log,,,-6.03,0.92,2.2,0.56,
Trichoptera,Hydrobiosidae,Neoatopsyche,,genus,0.003848776,2.51,17,3,13,South America,Argentina,Miserendino 2001,linear model natural log,,,-5.56,0.27,2.51,0.14,
Plecoptera,Gripopterygidae,Notoperla,Notoperla archiplatae,species,0.004253556,3.15,39,2,16,South America,Argentina,Miserendino 2001,linear model natural log,,,-5.46,0.39,3.15,0.1,
Plecoptera,Gripopterygidae,Aubertoperla,Aubertoperla illiesi,species,0.005092431,2.78,23,2,5.5,South America,Argentina,Miserendino 2001,linear model natural log,,,-5.28,0.29,2.78,0.22,
Ephemeroptera,Baetidae,Baetis,,genus,0.005247518,2.73,21,2,6,South America,Argentina,Miserendino 2001,linear model natural log,,,-5.25,0.35,2.73,0.26,
Plecoptera,Gripopterygidae,Limnoperla,Limnoperla jaffueli,species,0.005684569,2.34,26,3,8,South America,Argentina,Miserendino 2001,linear model natural log,,,-5.17,0.69,2.34,0.42,
Plecoptera,Austroperlidae,Klapoptheryx,Klapoptheryx kuscheli,species,0.0057417,2.53,39,4.5,25,South America,Argentina,Miserendino 2001,linear model natural log,,,-5.16,0.24,2.53,0.1,
Coleoptera,Elmidae,Austrelmis,,genus,0.00585769,2.11,16,3,7,South America,Argentina,Miserendino 2001,linear model natural log,,,-5.14,0.56,2.11,0.33,
Diptera,Blephariceridae,Edwardsina,,genus,0.006670903,2.85,31,2,15.5,South America,Argentina,Miserendino 2001,linear model natural log,,,-5.01,0.11,2.85,0.05,
Ephemeroptera,Leptophlebiidae,Nousia,Nousia bella,species,0.007446583,2.34,14,5,9,South America,Argentina,Miserendino 2001,linear model natural log,,,-4.9,0.83,2.34,0.43,
Plecoptera,Perlidae,Kempnyela,Kempnyela genualis,species,0.007986521,2.74,17,3,19,South America,Argentina,Miserendino 2001,linear model natural log,,,-4.83,0.36,2.74,0.16,
Trichoptera,Hydropsychidae,Smicridea,,genus,0.00848038,2.79,44,3,16,South America,Argentina,Miserendino 2001,linear model natural log,,,-4.77,0.31,2.79,0.15,
Ephemeroptera,Leptophlebiidae,Penaphlebia,Penaphlebia chilensis,species,0.009004778,2.29,13,3,7,South America,Argentina,Miserendino 2001,linear model natural log,,,-4.71,0.4,2.29,0.25,
Trichoptera,Hydrobiosidae,Rheochorema,,genus,0.009095277,2.37,7,2,7.5,South America,Argentina,Miserendino 2001,linear model natural log,,,-4.7,0.16,2.37,0.09,
Plecoptera,Gripopterygidae,Senzilloides,Senzilloides panguipulli,species,0.009186686,2.7,27,2,17,South America,Argentina,Miserendino 2001,linear model natural log,,,-4.69,0.26,2.7,0.14,
Trichoptera,Hydrobiosidae,Cailloma,,genus,0.009561602,2.47,24,3.5,13,South America,Argentina,Miserendino 2001,linear model natural log,,,-4.65,0.32,2.47,0.18,
Diptera,Athericidae,Dasyoma,,genus,0.010152858,2.04,31,3,14,South America,Argentina,Miserendino 2001,linear model natural log,,,-4.59,0.21,2.04,0.1,
Plecoptera,Perlidae,Pictetoperla,Pictetoperla gayi,species,0.012155178,2.66,23,2,20,South America,Argentina,Miserendino 2001,linear model natural log,,,-4.41,0.24,2.66,0.11,
Diptera,Simuliidae,Simulium,,genus,0.022595602,1.78,31,2,7,South America,Argentina,Miserendino 2001,linear model natural log,,,-3.79,0.21,1.78,0.15,
Plecoptera,Gripopterygidae,Antarctoperla,Antarctoperla michaelseni,species,0.030500872,1.61,22,2,9,South America,Argentina,Miserendino 2001,linear model natural log,,,-3.49,0.33,1.61,0.2,
Trichoptera,Sericostomatidae,Parasericostoma,Parasericostoma ovale,species,0.05130331,1.45,21,1.5,5,South America,Argentina,Miserendino 2001,linear model natural log,,,-2.97,0.31,1.45,0.27,
Plecoptera,Gripopterygidae,Potamoperla,Potamoperla myrmidon,species,0.060204992,1.38,17,3,9.5,South America,Argentina,Miserendino 2001,linear model natural log,,,-2.81,0.49,1.38,0.26,
Trichoptera,Glossosomatidae,Glossosoma,Glossosoma altaicum,species,0.0011,2.998,,2.1,6.8,Asia,Japan,Miyasaka et al. 2008,power model,0.0011,,,,2.998,,
Diptera,Athericidae,,,family,0.007,2.648,,3.3,5.3,Asia,Japan,Miyasaka et al. 2008,power model,0.007,,,,2.648,,
Trichoptera,Brachycentridae,Micrasema,Micrasema quadriloba,species,0.019,2.631,,0.7,3.3,Asia,Japan,Miyasaka et al. 2008,power model,0.019,,,,2.631,,
Ephemeroptera,Ephemerellidae,Uracanthella,Uracanthella punctisetae,species,0.021,2.315,,2.3,5.5,Asia,Japan,Miyasaka et al. 2008,power model,0.021,,,,2.315,,
Trichoptera,Glossosomatidae,,,family,0.022,2.524,,,,Asia,Japan,Miyasaka et al. 2008,power model,0.022,,,,2.524,,
Trichoptera,Goeridae,Goera,Goera japonica,species,0.025,2.575,,1.8,11.3,Asia,Japan,Miyasaka et al. 2008,power model,0.025,,,,2.575,,
Trichoptera,Glossosomatidae,Glossosoma,Glossosoma ussuricum,species,0.041,2.066,,2.3,6.9,Asia,Japan,Miyasaka et al. 2008,power model,0.041,,,,2.066,,
Diptera,Chironomidae,Polypedilum,,genus,0.000670156,2.603,6,1.35,7.9,Europe,Germany,Nolte 1990 FWB,linear model natural log,,,-7.308,0.974,2.603,1.003,
Diptera,Chironomidae,Micropsectra,,genus,0.000695416,2.736,36,1.17,8.64,Europe,Germany,Nolte 1990 FWB,linear model natural log,,,-7.271,0.188,2.736,0.116,
Diptera,Chironomidae,Corynoneura,,genus,0.001459006,2.203,7,1.05,2.88,Europe,Germany,Nolte 1990 FWB,linear model natural log,,,-6.53,0.164,2.203,0.279,
Diptera,Chironomidae,Eukiefferiella,Eukiefferiella brehmi,species,0.002070428,2.264,9,1.37,5.24,Europe,Germany,Nolte 1990 FWB,linear model natural log,,,-6.18,0.813,2.264,0.861,
Diptera,Chironomidae,Diamesa,,genus,0.002074573,2.803,26,0.51,9.91,Europe,Germany,Nolte 1990 FWB,linear model natural log,,,-6.178,0.234,2.803,0.13,
Diptera,Chironomidae,Orthocladius,,genus,0.002101718,2.273,30,1.4,5.67,Europe,Germany,Nolte 1990 FWB,linear model natural log,,,-6.165,0.358,2.273,0.279,
Diptera,Chironomidae,Thienemanniella,,genus,0.004058264,2.039,18,1.13,2.77,Europe,Germany,Nolte 1990 FWB,linear model natural log,,,-5.507,0.148,2.039,0.22,
Diptera,Chironomidae,Synorthocladius,Synorthocladius semivirens,species,0.005412739,2.133,7,1.49,3.7,Europe,Germany,Nolte 1990 FWB,linear model natural log,,,-5.219,0.437,2.133,0.434,
Diptera,Chironomidae,Eukiefferiella,Eukiefferiella devonica,species,0.005869417,2.314,6,1.6,4.69,Europe,Germany,Nolte 1990 FWB,linear model natural log,,,-5.138,1.67,2.314,1.33,
Diptera,Tabanidae,,,family,0.000136144,4.221,19,5,15,Europe,Central Europe,Poepperl et al. 1998,linear model log10 base,,,-3.866,0.126,4.221,0.694,
Diptera,Ceratopogonidae,,,family,0.001972423,2.439,19,4,7,Europe,Central Europe,Poepperl et al. 1998,linear model log10 base,,,-2.705,0.05,2.439,0.472,
Diptera,Limoniidae,,,family,0.003971915,2.44,22,6,16,Europe,Central Europe,Poepperl et al. 1998,linear model log10 base,,,-2.401,0.04,2.44,0.153,
Coleoptera,Elmidae,Oulimnius,Oulimnius tuberculatus,species,0.013772095,2.555,99,1.6,3.6,Europe,Central Europe,Poepperl et al. 1998,linear model log10 base,,,-1.861,0.0257,2.555,0.118,
Odonata,Gomphidae,,,family,0.001,3.012,15,,,North America,California,Sabo 2002,power model,0.001,0.009,,,3.012,2.328,
Odonata,Coenagrionidae,,,family,0.001,2.672,17,,,North America,California,Sabo 2002,power model,0.001,0.009,,,2.672,2.535,
Plecoptera,Chloroperlidae,,,family,0.005,2.732,12,,,North America,California,Sabo 2002,power model,0.005,0.006,,,2.732,0.622,
Plecoptera,Perlidae,,,family,0.008,2.819,11,,,North America,California,Sabo 2002,power model,0.008,0.014,,,2.819,0.593,
Trichoptera,Hydropsychidae,,,family,0.049,2.295,9,,,North America,California,Sabo 2002,power model,0.049,0.105,,,2.295,1.078,
Plecoptera,Pteronarcyidae,,,family,0.506,1.5,22,,,North America,California,Sabo 2002,power model,0.506,0.507,,,1.5,0.306,
Plecoptera,Taeniopterygidae,,,family,0.001,0.96,,,,Asia,Choghakhor International Wetland Basin,Shahbaz-Gahroee et al 2021,linear model natural log,,,-6.907,0.282,0.96,0.133,
Plecoptera,Leuctridae,,,family,0.002,0.73,,,,Asia,Choghakhor International Wetland Basin,Shahbaz-Gahroee et al 2021,linear model natural log,,,-6.214,0.031,0.73,0.812,
Coleoptera,Elmidae,,,family,0.005,1.491,,,,Asia,Choghakhor International Wetland Basin,Shahbaz-Gahroee et al 2021,linear model natural log,,,-5.298,0.621,1.491,0.163,
Trichoptera,,,,order,0.001899813,3.12,,,,North America,,Smock 1980,linear model natural log,,,-6.266,0.693,3.12,0.29,
Plecoptera,,,,order,0.002299646,3.39,,,,North America,,Smock 1980,linear model natural log,,,-6.075,0.833,3.39,0.22,
Plecoptera,Perlidae,Eccoptura,Eccoptura xanthenes,species,0.002400688,3.44,7,,,North America,,Smock 1980,linear model natural log,,,-6.032,1792,3.44,0.5,
Megaloptera,Corydalidae,Corydalus,Corydalus cornutus,species,0.00269866,2.8,30,,,North America,,Smock 1980,linear model natural log,,,-5.915,3295,2.8,0.18,
Megaloptera,,,,order,0.002900129,2.75,,,,North America,,Smock 1980,linear model natural log,,,-5.843,1.065,2.75,0.19,
Trichoptera,Hydropsychidae,Macronema,Macronema carolina,species,0.003000429,3.09,8,,,North America,,Smock 1980,linear model natural log,,,-5.809,1099,3.09,0.72,
Ephemeroptera,Isonychiidae,Isonychia,,genus,0.003101095,3.17,107,,,North America,,Smock 1980,linear model natural log,,,-5.776,0.439,3.17,0.07,
Megaloptera,Sialidae,Sialis,,genus,0.003101095,2.9,14,,,North America,,Smock 1980,linear model natural log,,,-5.776,3434,2.9,0.45,
Ephemeroptera,Baetidae,Baetis,,genus,0.003299448,3.2,36,,,North America,,Smock 1980,linear model natural log,,,-5.714,0.501,3.2,0.81,
Diptera,Ceratopogonidae,Palpomyia,,genus,0.003299448,2.39,18,,,North America,,Smock 1980,linear model natural log,,,-5.714,1.194,2.39,0.49,
Trichoptera,Polycentropodidae,Polycentropus,,genus,0.003599357,3,15,,,North America,,Smock 1980,linear model natural log,,,-5.627,1281,3,0.83,
Plecoptera,Perlidae,Perlesta,Perlesta placida,species,0.003701563,3.08,15,,,North America,,Smock 1980,linear model natural log,,,-5.599,1532,3.08,0.45,
Diptera,Tanypodinae,,,subfamily,0.003799066,2.41,12,,,North America,,Smock 1980,linear model natural log,,,-5.573,1335,2.41,0.59,
Trichoptera,Hydropsychidae,Cheumatopsyche,,genus,0.004001844,2.67,45,,,North America,,Smock 1980,linear model natural log,,,-5.521,0.694,2.67,0.9,
Trichoptera,Hydropsychidae,Hydropsyche,,genus,0.004300603,2.91,107,,,North America,,Smock 1980,linear model natural log,,,-5.449,0.766,2.91,0.65,
Plecoptera,Perlodidae,Isoperla,Isoperla elio,species,0.004300603,2.9,19,,,North America,,Smock 1980,linear model natural log,,,-5.449,1459,2.9,0.48,
Odonata,Gomphidae,Gomphus,,genus,0.004400663,3.12,9,,,North America,,Smock 1980,linear model natural log,,,-5.426,2398,3.12,0.89,
Diptera,Simuliidae,,,family,0.004800669,2.55,26,,,North America,,Smock 1980,linear model natural log,,,-5.339,0.876,2.55,0.39,
Trichoptera,Lepidostomatidae,Lepidostoma,,genus,0.004897649,2.84,21,,,North America,,Smock 1980,linear model natural log,,,-5.319,0.49,2.84,0.29,
Diptera,Tabanidae,Tipula,Tipula abdominatis,species,0.005001587,2.36,19,,,North America,,Smock 1980,linear model natural log,,,-5.298,0.917,2.36,0.37,
Plecoptera,Capniidae,Allocapnia,,genus,0.005097526,2.84,16,,,North America,,Smock 1980,linear model natural log,,,-5.279,0.936,2.84,0.45,
Diptera,Chironominae,,,subfamily,0.005097526,2.32,61,,,North America,,Smock 1980,linear model natural log,,,-5.279,0.53,2.32,0.37,
Diptera,Orthocladiinae,,,subfamily,0.005097526,2.32,61,,,North America,,Smock 1980,linear model natural log,,,-5.279,0.53,2.32,0.37,
Diptera,,,,order,0.005401925,2.43,,,,North America,,Smock 1980,linear model natural log,,,-5.221,0.588,2.43,0.15,
Plecoptera,Taeniopterygidae,Taeniopteryx,Taeniopteryx metequi ,species,0.005999975,2.85,12,,,North America,,Smock 1980,linear model natural log,,,-5.116,1099,2.85,0.48,
Ephemeroptera,Ephemerellidae,Ephemerella,Ephemerella temporalis,species,0.005999975,2.76,18,,,North America,,Smock 1980,linear model natural log,,,-5.116,0.405,2.76,0.42,
Ephemeroptera,Ephemeridae,Hexagenia,Hexagenia munda,species,0.006201277,2.89,21,,,North America,,Smock 1980,linear model natural log,,,-5.083,0.726,2.89,0.34,
Trichoptera,Limnephilidae,Pycnopsyche,Pycnopsyche guttifer,species,0.006499695,2.74,16,,,North America,,Smock 1980,linear model natural log,,,-5.036,1179,2.74,0.34,
Ephemeroptera,,,,order,0.006597925,2.88,,,,North America,,Smock 1980,linear model natural log,,,-5.021,0.095,2.88,0.07,
Plecoptera,Perlidae,Acroneuria,Acroneuria abnormis,species,0.00669764,2.96,10,,,North America,,Smock 1980,linear model natural log,,,-5.006,0.803,2.96,0.94,
Ephemeroptera,Heptageniidae,Stenacron,Stenacron interpunctatum,species,0.00669764,2.81,45,,,North America,,Smock 1980,linear model natural log,,,-5.006,0.292,2.81,0.26,
Trichoptera,Philopotamidae,Chimarra,,genus,0.00669764,2.61,20,,,North America,,Smock 1980,linear model natural log,,,-5.006,0.803,2.61,0.61,
Ephemeroptera,Caenidae,Caenis,Caenis diminuta,species,0.006901614,2.61,14,,,North America,,Smock 1980,linear model natural log,,,-4.976,0.833,2.61,0.51,
Megaloptera,Corydalidae,Nigronia,Nigronia serricornis,species,0.00709759,2.5,30,,,North America,,Smock 1980,linear model natural log,,,-4.948,4262,2.5,0.27,
Plecoptera,Taeniopterygidae,Taeniopteryx,Taeniopteryx burksi,species,0.007402037,2.55,32,,,North America,,Smock 1980,linear model natural log,,,-4.906,0.903,2.55,0.8,
Ephemeroptera,Heptageniidae,Stenonema,Stenonema annexum,species,0.007797127,2.87,128,,,North America,,Smock 1980,linear model natural log,,,-4.854,0.262,2.87,0.08,
Plecoptera,Perlodidae,Isogenus,,genus,0.00800251,2.71,32,,,North America,,Smock 1980,linear model natural log,,,-4.828,0.693,2.71,0.43,
Odonata,Aeshnidae,Boyeria,Boyeria vinosa,species,0.008196894,2.81,11,,,North America,,Smock 1980,linear model natural log,,,-4.804,3713,2.81,0.26,
Hemiptera,Veliidae,Rhagovelia,Rhagovelia obesa,species,0.008304149,2.78,21,,,North America,,Smock 1980,linear model natural log,,,-4.791,1018,2.78,0.4,
Odonata,Coenagrionidae,Argia,,genus,0.00859994,2.67,23,,,North America,,Smock 1980,linear model natural log,,,-4.756,3068,2.67,0.39,
Odonata,,,,order,0.013995772,2.78,,,,North America,,Smock 1980,linear model natural log,,,-4.269,0.847,2.78,0.32,
Hemiptera,Gerridae,Gerris,Gerris remigis,species,0.014995577,2.6,15,,,North America,,Smock 1980,linear model natural log,,,-4.2,0.916,2.6,0.45,
Hemiptera,Veliidae,Metrobates,Metrobates hesperius,species,0.016907466,2.66,25,,,North America,,Smock 1980,linear model natural log,,,-4.08,0.525,2.66,0.34,
Ephemeroptera,Heptageniidae,Heptagenia,Heptagenia aphrodite,species,0.018006905,2.33,90,,,North America,,Smock 1980,linear model natural log,,,-4.017,0.694,2.33,0.12,
Coleoptera,Haliplidae,Peltodytes,Peltodytes sexmaculatus,species,0.027051847,2.74,17,,,North America,,Smock 1980,linear model natural log,,,-3.61,0.811,2.74,0.45,
Hemiptera,,,,order,0.031398348,2.4,,,,North America,,Smock 1980,linear model natural log,,,-3.461,0.311,2.4,0.21,
Hemiptera,Corixidae,Sigara,,genus,0.038006427,2.53,53,,,North America,,Smock 1980,linear model natural log,,,-3.27,0.693,2.53,0.47,
Coleoptera,Elmidae,Stenelmis,,genus,0.038388398,2.61,32,,,North America,,Smock 1980,linear model natural log,,,-3.26,0.38,2.61,0.41,
Coleoptera,Gyrinidae,Dineutes,,genus,0.053077615,2.59,41,,,North America,,Smock 1980,linear model natural log,,,-2.936,0.518,2.59,0.63,
Coleoptera,Dytiscidae,Hydroporus,,genus,0.061790849,2.5,42,,,North America,,Smock 1980,linear model natural log,,,-2.784,0.6,2.5,0.53,
Coleoptera,Elmidae,Macronychus,Macronychus glabratus,species,0.08517903,2.39,29,,,North America,,Smock 1980,linear model natural log,,,-2.463,0.472,2.39,0.3,
Coleoptera,,,,order,0.152895591,2.18,,,,North America,,Smock 1980,linear model natural log,,,-1.878,0.348,2.18,0.13,
Diptera,Chironomidae,Chironomus,,genus,0.000245471,3.347,88,2.9,16,Oceania,New Zealand,Stoffels 2003,linear model log10 base,,,-3.61,0.111,3.347,0.114,
Diptera,Chironomidae,Cricotopus,,genus,0.001472313,2.823,31,1.4,5,Oceania,New Zealand,Stoffels 2003,linear model log10 base,,,-2.832,0.125,2.823,0.26,
Diptera,Chironomidae,Tanytarsus,,genus,0.001753881,2.673,75,1.38,4.8,Oceania,New Zealand,Stoffels 2003,linear model log10 base,,,-2.756,0.065,2.673,0.136,
Diptera,Chironomidae,Cladopelma,,genus,0.001923092,2.576,46,2,4.5,Oceania,New Zealand,Stoffels 2003,linear model log10 base,,,-2.716,0.144,2.576,0.357,
Diptera,Chironomidae,,,family,0.002108628,2.473,508,1.3,16,Oceania,New Zealand,Stoffels 2003,linear model log10 base,,,-2.676,0.031,2.473,0.048,
Diptera,Chironomidae,Metriocnemus,,genus,0.002142891,2.34,111,1.7,5,Oceania,New Zealand,Stoffels 2003,linear model log10 base,,,-2.669,0.095,2.34,0.181,
Diptera,Chironomidae,Paucispinigera,,genus,0.002404363,2.425,56,1.58,6.7,Oceania,New Zealand,Stoffels 2003,linear model log10 base,,,-2.619,0.059,2.425,0.087,
Diptera,Chironomidae,Macropelopiini,,genus,0.003076097,2.459,99,1.3,9.5,Oceania,New Zealand,Stoffels 2003,linear model log10 base,,,-2.512,0.099,2.459,0.154,
Odonata,Corduliidae,Procordulia,,genus,0.006053409,3.157,21,4.55,20,Oceania,New Zealand,Stoffels 2003,linear model log10 base,,,-2.218,0.163,3.157,0.167,
Trichoptera,Leptoceridae,Triplectides,,genus,0.007498942,2.835,,3.65,10,Oceania,New Zealand,Stoffels 2003,linear model log10 base,,,-2.125,0.187,2.835,0.217,
Trichoptera,Leptoceridae,Oecetis,,genus,0.00887156,2.584,73,1.9,5.6,Oceania,New Zealand,Stoffels 2003,linear model log10 base,,,-2.052,0.11,2.584,0.21,
Trichoptera,Hydroptilidae,Paroxyethira,,genus,0.012676519,2.901,73,1.28,3.23,Oceania,New Zealand,Stoffels 2003,linear model log10 base,,,-1.897,0.035,2.901,0.139,
Odonata,Coenagrionidae,Xanthocnemis,,genus,0.014387986,2.296,17,1.87,14,Oceania,New Zealand,Stoffels 2003,linear model log10 base,,,-1.842,0.203,2.296,0.226,
Ephemeroptera,Nesameletidae,Nesameletus,,genus,0.00101588,3.527,,,,Oceania,New Zealand,Towers et al 1994,linear model natural log,,,-6.892,0.404,3.527,0.163,
Plecoptera,Eustheniidae,Stenoperla,Stenoperla prasina,species,0.001075467,3.278,,,,Oceania,New Zealand,Towers et al 1994,linear model natural log,,,-6.835,1.343,3.278,0.44,
Trichoptera,Conoesucidae,Olinga,Olinga feredayi,species,0.001404604,3.342,,,,Oceania,New Zealand,Towers et al 1994,linear model natural log,,,-6.568,0.236,3.342,0.108,
Trichoptera,Hydropsychidae,Aoteapsyche,,genus,0.0024738,3.035,,,,Oceania,New Zealand,Towers et al 1994,linear model natural log,,,-6.002,0.581,3.035,0.231,
Megaloptera,Corydalidae,Archichauliodes,Archichauliodes diversus,species,0.004005848,2.678,,,,Oceania,New Zealand,Towers et al 1994,linear model natural log,,,-5.52,0.433,2.678,0.135,
Ephemeroptera,Leptophlebiidae,Deleatidium,,genus,0.004607822,3.056,,,,Oceania,New Zealand,Towers et al 1994,linear model natural log,,,-5.38,0.276,3.056,0.139,
Trichoptera,Hydrobiosidae,,,family,0.005461674,2.222,,,,Oceania,New Zealand,Towers et al 1994,linear model natural log,,,-5.21,0.573,2.222,0.234,
Diptera,Simuliidae,Austrosimulium,,genus,0.007424277,2.421,,,,Oceania,New Zealand,Towers et al 1994,linear model natural log,,,-4.903,0.222,2.421,0.169,
Trichoptera,,,,order,0.007491397,2.436,133,,,Oceania,New Zealand,Towers et al 1994,linear model natural log,,,-4.894,0.268,2.436,0.121,
Trichoptera,Conoesucidae,Pycnocentrodes,,genus,0.00765038,2.502,,,,Oceania,New Zealand,Towers et al 1994,linear model natural log,,,-4.873,0.725,2.502,0.443,
Plecoptera,Austroperlidae,Austroperla,Austroperla cyrene,species,0.008329099,2.6,,,,Oceania,New Zealand,Towers et al 1994,linear model natural log,,,-4.788,0.229,2.6,0.1,
Ephemeroptera,,,,order,0.00960953,2.701,195,,,Oceania,New Zealand,Towers et al 1994,linear model natural log,,,-4.645,0.215,2.701,0.094,
Plecoptera,,,,order,0.011737106,2.504,93,,,Oceania,New Zealand,Towers et al 1994,linear model natural log,,,-4.445,0.131,2.504,0.079,
Ephemeroptera,Leptophlebiidae,Zephlebia,,genus,0.013473911,2.525,,,,Oceania,New Zealand,Towers et al 1994,linear model natural log,,,-4.307,0.366,2.525,0.177,
Diptera,Limoniidae,Aphrophila,Aphrophila neozelandica,species,0.013884252,1.809,,,,Oceania,New Zealand,Towers et al 1994,linear model natural log,,,-4.277,0.307,1.809,0.126,
Ephemeroptera,Ameletopsidae,Ameletopsis,Ameletopsis perscitus,species,0.01545226,2.43,,,,Oceania,New Zealand,Towers et al 1994,linear model natural log,,,-4.17,0.993,2.43,0.406,
Diptera,Chironomidae,,,family,0.020733594,2.721,,,,Oceania,New Zealand,Towers et al 1994,linear model natural log,,,-3.876,0.17,2.721,0.156,
Ephemeroptera,Coloburiscidae,Coloburiscus,Coloburiscus humeralis,species,0.026134474,2.47,,,,Oceania,New Zealand,Towers et al 1994,linear model natural log,,,-3.6445,0.467,2.47,0.191,
Diptera,,,,order,0.056247145,1.245,62,,,Oceania,New Zealand,Towers et al 1994,linear model natural log,,,-2.878,0.18,1.245,0.105,
Plecoptera,Gripopterygidae,Zelandoperla,,genus,0.100258844,1.733,,,,Oceania,New Zealand,Towers et al 1994,linear model natural log,,,-2.3,0.659,1.733,0.278,
Coleoptera,,,,order,0.13425692,3.227,,,,Oceania,New Zealand,Towers et al 1994,linear model natural log,,,-2.008,0.142,3.227,0.123,
Plecoptera,Gripopterygidae,Zelandobius,,genus,0.211612184,2.596,,,,Oceania,New Zealand,Towers et al 1994,linear model natural log,,,-1.553,0.26,2.596,0.428,
Trichoptera,Limnephilidae,Limnephilus,Limnephilus atlanticus,species,0.008480407,2.75,74,4.7,13.13,Europe,Azores,Balibrea et al 2017 ,linear model natural log,,,-4.77,0.34,2.75,0.16,
Diptera,Ceratopogonidae,,,family,0.000301995,2.7,22,2.03,9.8,North America,Canada,Methot et al 2012,linear model log10 base,,,-3.52,0.18,2.7,0.23,
Diptera,Chironomidae,,,family,0.003981072,1.99,102,1.5,15.8,North America,Canada,Methot et al 2012,linear model log10 base,,,-2.4,0.08,1.99,0.12,larvae
Diptera,Chironomidae,,,family,0.004570882,2.53,13,1.75,3.8,North America,Canada,Methot et al 2012,linear model log10 base,,,-2.34,0.22,2.53,0.47,pupae
Diptera,Tipulidae,,,family,0.003019952,2.44,22,2.32,11.07,North America,Canada,Methot et al 2012,linear model log10 base,,,-2.52,0.34,2.44,0.44,
Ephemeroptera,Heptageniidae,Rhithrogena,Rhithrogena carpatoalpina,species,0.0001,1.76,,,,Europe,Slovakia,Dekanova et al 2023,linear model natural log,,,-9.33,,1.76,,
Ephemeroptera,Caenidae,Tasmanocoenis,Tasmanocoenis tillyardi,species,0.002511886,3.17,35,0.8,5.8,Oceania,"Australia, NSW",Marchant & Grant 2015,linear model log10 base,,,-2.6,,3.17,,
Ephemeroptera,Baetidae,Centroptilum,Centroptilum elongatum,species,0.004168694,2.55,43,1,10.8,Oceania,"Australia, NSW",Marchant & Grant 2015,linear model log10 base,,,-2.38,,2.55,,
Ephemeroptera,Leptophlebiidae,,,family,0.008317638,2.54,44,1.9,12.7,Oceania,"Australia, NSW",Marchant & Grant 2015,linear model log10 base,,,-2.08,,2.54,,"include measurements from species of Ulmerophlebia, Jappa, Tillyardophlebia, Atalophlebia."
